elapsed_s,x,y,z,speed_xy_m_s,mode,N_safe,reject_swept_collision,reject_stopping_distance,reference_speed_cap_m_s,stopping_recovery_cycles,t_total_ms,minimum_collision_clearance_m,minimum_stopping_clearance_m
3.38,0.019,-0.009,5.187,0.003,ACTIVE,79.0,0.0,1.0,1.474267,0.0,22.24025,2.294638,2.290582
3.44,0.019,-0.009,5.188,0.004,ACTIVE,76.0,2.0,2.0,1.474267,0.0,28.022625,2.537376,2.483485
3.62,0.019,-0.009,5.188,0.005,ACTIVE,77.0,0.0,3.0,1.474267,0.0,22.829,2.530019,2.413783
5.27,0.018,-0.009,5.188,0.006,ACTIVE,76.0,0.0,4.0,1.474267,0.0,36.474,2.533382,2.458902
5.37,0.018,-0.009,5.188,0.008,ACTIVE,78.0,0.0,2.0,1.474267,0.0,24.73225,2.643779,2.600356
7.33,-0.006,0.142,5.165,0.352,ACTIVE,79.0,0.0,1.0,1.474267,0.0,13.296042,2.324687,2.320093
7.33,-0.006,0.154,5.165,0.357,ACTIVE,78.0,1.0,1.0,1.474267,0.0,36.162542,2.280848,2.237912
7.33,-0.006,0.166,5.165,0.362,ACTIVE,76.0,2.0,2.0,1.474267,0.0,20.069,2.473682,2.421832
7.34,-0.006,0.166,5.165,0.362,ACTIVE,79.0,0.0,1.0,1.474267,0.0,22.413958,2.464399,2.415004
7.53,-0.006,0.179,5.166,0.366,ACTIVE,79.0,0.0,1.0,1.474267,0.0,19.628041,2.557064,2.495322
7.94,0.018,0.254,5.174,0.422,ACTIVE,78.0,0.0,2.0,1.549846,0.0,18.531542,2.133868,2.129722
8.96,0.027,0.266,5.176,0.439,ACTIVE,64.0,7.0,9.0,3.856449,0.0,17.392125,2.199124,1.584648
8.96,0.058,0.303,5.182,0.498,ACTIVE,65.0,5.0,10.0,3.965096,0.0,28.033916,2.322407,1.881285
8.96,0.085,0.326,5.185,0.537,ACTIVE,65.0,1.0,14.0,3.965096,0.0,21.661209,2.324343,1.50552
8.96,0.100,0.338,5.186,0.554,ACTIVE,52.0,1.0,27.0,3.965096,0.0,21.851583,2.342793,1.964891
8.97,0.115,0.349,5.187,0.568,ACTIVE,71.0,0.0,9.0,3.965096,0.0,40.29275,2.300857,1.667566
8.97,0.148,0.371,5.188,0.584,ACTIVE,67.0,0.0,13.0,3.965096,0.0,30.608625,2.335208,1.627658
8.97,0.165,0.382,5.189,0.585,ACTIVE,63.0,0.0,17.0,3.965096,0.0,65.708459,2.339668,1.675525
8.97,0.182,0.392,5.189,0.579,ACTIVE,71.0,0.0,9.0,3.965096,0.0,20.014083,2.307189,1.880829
8.98,0.182,0.392,5.189,0.579,ACTIVE,73.0,0.0,7.0,3.965096,0.0,26.714709,2.290772,1.870451
9.20,0.214,0.412,5.190,0.551,ACTIVE,73.0,0.0,7.0,3.965096,0.0,62.598291,2.261465,2.017336
9.21,0.230,0.422,5.190,0.530,ACTIVE,70.0,5.0,5.0,4.442792,0.0,21.435916,2.009906,1.812232
10.19,0.244,0.432,5.190,0.506,ACTIVE,59.0,3.0,18.0,4.667071,0.0,32.555792,1.617096,1.622933
10.20,0.282,0.461,5.190,0.423,ACTIVE,34.0,36.0,10.0,4.934726,0.0,24.162125,1.806691,1.809259
10.23,0.300,0.480,5.189,0.370,ACTIVE,42.0,30.0,8.0,4.934726,0.0,41.639833,1.729923,1.658717
10.24,0.314,0.499,5.188,0.326,ACTIVE,48.0,25.0,7.0,4.934726,0.0,26.186666,1.855315,1.5834
10.24,0.323,0.518,5.187,0.297,ACTIVE,48.0,26.0,6.0,4.934726,0.0,35.322708,1.829219,1.622283
10.24,0.328,0.537,5.186,0.282,ACTIVE,52.0,14.0,14.0,4.934726,0.0,28.253458,1.759421,1.557371
10.25,0.328,0.537,5.186,0.282,ACTIVE,36.0,23.0,21.0,4.934726,0.0,31.994,1.868397,1.863386
10.25,0.328,0.537,5.186,0.282,ACTIVE,56.0,17.0,7.0,4.934726,0.0,19.93375,1.791927,1.545115
10.25,0.328,0.537,5.186,0.282,ACTIVE,27.0,48.0,5.0,4.934726,0.0,26.255666,2.028147,1.781506
10.26,0.328,0.537,5.186,0.282,ACTIVE,43.0,32.0,5.0,4.934726,0.0,23.493625,1.851851,1.854983
10.31,0.328,0.537,5.186,0.282,ACTIVE,19.0,58.0,3.0,7.466173,0.0,42.888333,1.710046,1.710937
10.71,0.327,0.575,5.183,0.281,ACTIVE,71.0,5.0,4.0,10.0,0.0,15.444041,2.039385,1.523434
10.72,0.326,0.584,5.183,0.284,ACTIVE,60.0,5.0,15.0,10.0,0.0,34.688125,2.17042,2.133119
12.26,0.323,0.594,5.183,0.287,ACTIVE,77.0,1.0,2.0,10.0,0.0,72.8665,2.179883,2.142017
12.27,0.326,0.709,5.187,0.341,ACTIVE,77.0,0.0,3.0,10.0,0.0,43.06025,2.136213,2.078736
12.28,0.344,0.726,5.186,0.395,ACTIVE,73.0,0.0,7.0,10.0,0.0,19.916625,2.130604,1.972953
12.28,0.385,0.748,5.182,0.513,ACTIVE,77.0,0.0,3.0,10.0,0.0,19.760084,2.124282,2.087827
12.28,0.403,0.753,5.180,0.564,ACTIVE,78.0,0.0,2.0,10.0,0.0,19.844125,2.12216,1.507208
12.28,0.423,0.756,5.178,0.621,ACTIVE,74.0,0.0,6.0,10.0,0.0,16.834375,2.131208,1.505674
12.29,0.445,0.758,5.176,0.685,ACTIVE,61.0,0.0,19.0,10.0,0.0,64.745209,2.126217,1.601217
12.29,0.445,0.758,5.176,0.685,ACTIVE,72.0,0.0,8.0,10.0,0.0,76.679042,2.129621,1.874938
12.29,0.445,0.758,5.176,0.685,ACTIVE,52.0,0.0,28.0,10.0,0.0,23.603709,2.00668,1.611697
12.29,0.445,0.758,5.176,0.685,ACTIVE,70.0,0.0,10.0,10.0,0.0,22.345,1.996844,1.583526
12.30,0.445,0.758,5.176,0.685,ACTIVE,61.0,0.0,19.0,10.0,0.0,42.025375,1.99374,1.508891
12.30,0.445,0.758,5.176,0.685,ACTIVE,49.0,0.0,31.0,10.0,0.0,19.23425,1.995907,1.508482
12.30,0.445,0.758,5.176,0.685,ACTIVE,76.0,0.0,4.0,10.0,0.0,29.004833,1.997081,1.627356
12.31,0.445,0.758,5.176,0.685,ACTIVE,78.0,0.0,2.0,10.0,0.0,17.612792,1.991881,1.837388
12.31,0.445,0.758,5.176,0.685,ACTIVE,77.0,0.0,3.0,10.0,0.0,22.241,1.993147,1.741873
12.53,0.498,0.757,5.171,0.835,ACTIVE,77.0,0.0,3.0,10.0,0.0,38.218959,1.984058,1.944765
12.53,0.528,0.753,5.168,0.920,ACTIVE,77.0,0.0,3.0,10.0,0.0,37.284375,1.961781,1.917187
12.68,0.561,0.747,5.165,1.012,ACTIVE,76.0,0.0,4.0,10.0,0.0,40.137542,1.9621,1.743514
13.30,0.831,0.668,5.146,1.646,ACTIVE,48.0,26.0,6.0,10.0,0.0,27.414166,1.812377,1.534209
13.58,0.948,0.625,5.140,1.859,ACTIVE,8.0,2.0,70.0,10.0,0.0,29.838875,2.016774,2.016774
13.59,1.076,0.577,5.135,2.051,ACTIVE,71.0,2.0,7.0,10.0,0.0,42.623375,2.034263,2.034263
13.59,1.076,0.577,5.135,2.051,ACTIVE,73.0,2.0,5.0,10.0,0.0,36.293,2.034263,1.92757
14.00,1.359,0.464,5.127,2.326,ACTIVE,71.0,4.0,5.0,10.0,0.0,50.027042,2.05511,1.800765
15.03,2.029,0.185,5.119,2.254,ACTIVE,64.0,10.0,6.0,10.0,0.0,29.657417,2.157295,2.143449
15.04,2.169,0.129,5.118,2.130,ACTIVE,72.0,6.0,2.0,10.0,0.0,24.84425,2.185882,2.183484
15.04,2.302,0.077,5.118,1.990,ACTIVE,73.0,6.0,1.0,10.0,0.0,37.131292,2.215511,2.215511
16.97,3.174,-0.158,5.108,1.406,ACTIVE,73.0,7.0,0.0,10.0,0.0,24.345125,2.391016,2.391016
16.97,3.174,-0.158,5.108,1.406,ACTIVE,73.0,7.0,0.0,10.0,0.0,42.477042,2.455698,2.260522
16.97,3.174,-0.158,5.108,1.406,ACTIVE,72.0,7.0,1.0,10.0,0.0,42.481291,2.083807,1.999126
18.15,3.514,-0.203,5.100,1.438,ACTIVE,68.0,7.0,5.0,10.0,0.0,26.458167,2.39392,1.604295
18.15,3.562,-0.207,5.099,1.419,ACTIVE,54.0,4.0,22.0,10.0,0.0,28.977875,2.269275,1.830876
18.15,3.702,-0.217,5.096,1.326,ACTIVE,67.0,6.0,7.0,10.0,0.0,51.801417,2.186727,1.763302
18.15,3.747,-0.218,5.095,1.287,ACTIVE,63.0,4.0,13.0,10.0,0.0,21.980875,2.242631,1.783053
18.15,3.747,-0.218,5.095,1.287,ACTIVE,61.0,4.0,15.0,10.0,0.0,34.068417,2.15109,1.63577
18.26,3.747,-0.218,5.095,1.287,ACTIVE,61.0,5.0,14.0,10.0,0.0,24.299709,1.999633,1.565597
19.09,4.053,-0.196,5.092,0.988,ACTIVE,73.0,4.0,3.0,10.0,0.0,39.381583,2.488188,2.444967
19.10,4.117,-0.184,5.091,0.940,ACTIVE,73.0,4.0,3.0,10.0,0.0,23.319584,2.584379,2.44706
19.41,4.148,-0.177,5.091,0.920,ACTIVE,73.0,4.0,3.0,10.0,0.0,48.505083,2.555248,1.896486
19.43,4.208,-0.164,5.090,0.888,ACTIVE,69.0,2.0,9.0,10.0,0.0,88.485709,2.487861,1.694326
19.43,4.208,-0.164,5.090,0.888,ACTIVE,67.0,2.0,11.0,10.0,0.0,72.060542,2.566539,1.651909
19.43,4.208,-0.164,5.090,0.888,ACTIVE,54.0,2.0,24.0,10.0,0.0,23.775834,2.376797,1.76477
19.81,4.208,-0.164,5.090,0.888,ACTIVE,55.0,2.0,23.0,10.0,0.0,81.933834,2.090084,1.541894
19.82,4.237,-0.158,5.090,0.875,ACTIVE,58.0,2.0,20.0,10.0,0.0,37.73325,2.055316,1.834689
21.25,4.618,-0.122,5.097,0.941,ACTIVE,73.0,4.0,3.0,10.0,0.0,18.008791,2.584679,2.291606
21.49,4.652,-0.124,5.102,0.976,ACTIVE,64.0,4.0,12.0,10.0,0.0,23.293208,2.491738,1.967569
21.50,4.723,-0.131,5.111,1.064,ACTIVE,67.0,8.0,5.0,10.0,0.0,21.615667,2.578491,1.935025
21.86,4.723,-0.131,5.111,1.064,ACTIVE,60.0,7.0,13.0,10.0,0.0,28.110917,2.571235,2.056091
22.24,4.846,-0.146,5.127,1.241,ACTIVE,65.0,7.0,8.0,10.0,0.0,32.556291,2.526314,2.020501
22.24,4.891,-0.152,5.131,1.308,ACTIVE,68.0,7.0,5.0,10.0,0.0,28.58875,2.31056,1.674214
23.20,5.974,-0.356,5.107,2.309,ACTIVE,71.0,9.0,0.0,10.0,0.0,26.0625,2.381841,1.783995
23.20,5.974,-0.356,5.107,2.309,ACTIVE,48.0,7.0,25.0,10.0,0.0,25.638417,2.427677,2.047793
23.43,6.129,-0.389,5.094,2.362,ACTIVE,67.0,7.0,6.0,10.0,0.0,47.129375,2.391873,2.300006
23.59,6.129,-0.389,5.094,2.362,ACTIVE,72.0,8.0,0.0,10.0,0.0,25.435542,2.436765,2.352883
23.60,6.367,-0.440,5.072,2.419,ACTIVE,73.0,7.0,0.0,10.0,0.0,24.028291,2.089284,1.526106
23.69,6.448,-0.458,5.065,2.433,ACTIVE,30.0,13.0,37.0,10.0,0.0,30.573167,2.398845,2.185228
23.86,6.529,-0.475,5.057,2.444,ACTIVE,55.0,9.0,16.0,10.0,0.0,68.297667,2.223413,2.059327
24.20,6.610,-0.493,5.049,2.453,ACTIVE,61.0,8.0,11.0,10.0,0.0,76.686041,2.371475,2.247766
24.21,6.691,-0.510,5.042,2.459,ACTIVE,32.0,34.0,14.0,10.0,0.0,19.519334,2.171518,2.001562
24.21,6.855,-0.546,5.027,2.464,ACTIVE,64.0,11.0,5.0,10.0,0.0,48.993667,2.167496,2.000994
24.21,6.855,-0.546,5.027,2.464,ACTIVE,70.0,10.0,0.0,10.0,0.0,64.962459,2.165583,2.000624
25.06,6.855,-0.546,5.027,2.464,ACTIVE,69.0,10.0,1.0,10.0,0.0,53.353417,2.17155,2.001877
25.06,6.937,-0.563,5.020,2.462,ACTIVE,69.0,10.0,1.0,10.0,0.0,21.132083,2.155167,1.981797
25.07,7.100,-0.597,5.008,2.446,ACTIVE,67.0,11.0,2.0,10.0,0.0,64.680875,2.154195,1.981478
25.08,7.182,-0.613,5.003,2.432,ACTIVE,67.0,10.0,3.0,10.0,0.0,37.094417,2.155527,1.982109
25.08,7.263,-0.628,4.998,2.413,ACTIVE,66.0,11.0,3.0,10.0,0.0,56.318209,2.154907,1.981197
25.09,7.582,-0.679,4.983,2.304,ACTIVE,70.0,10.0,0.0,10.0,0.0,22.83575,2.156544,1.982138
25.39,7.887,-0.706,4.971,2.186,ACTIVE,59.0,18.0,3.0,10.0,0.0,20.427625,2.030228,1.911774
25.39,7.887,-0.706,4.971,2.186,ACTIVE,69.0,10.0,1.0,10.0,0.0,66.946458,2.089749,1.925887
25.46,7.961,-0.708,4.968,2.160,ACTIVE,70.0,10.0,0.0,10.0,0.0,27.943709,2.103368,1.93208
25.69,8.035,-0.709,4.966,2.136,ACTIVE,69.0,10.0,1.0,2.306826,0.0,23.765417,2.021914,1.954306
25.70,8.179,-0.707,4.961,2.093,ACTIVE,68.0,10.0,2.0,2.012117,0.0,48.105667,2.006514,1.989038
25.77,8.179,-0.707,4.961,2.093,ACTIVE,71.0,5.0,4.0,1.889513,0.0,40.900917,2.004649,2.004649
27.56,9.105,-0.554,4.974,1.887,ACTIVE,75.0,5.0,0.0,1.715112,0.0,25.986625,2.002344,2.002344
27.56,9.225,-0.513,4.982,1.876,ACTIVE,73.0,5.0,2.0,1.680756,0.0,17.98925,2.007085,2.007085
27.56,9.344,-0.465,4.991,1.873,ACTIVE,73.0,4.0,3.0,1.680756,0.0,32.233292,2.007085,2.007085
27.57,9.460,-0.413,5.001,1.876,ACTIVE,74.0,4.0,2.0,1.680756,0.0,28.0255,2.007085,2.007085
27.57,9.574,-0.356,5.011,1.883,ACTIVE,74.0,2.0,4.0,1.680756,0.0,30.628916,2.007085,2.007085
27.57,9.631,-0.326,5.017,1.887,ACTIVE,78.0,1.0,1.0,1.680756,0.0,20.189459,2.007085,2.007085
27.57,9.631,-0.326,5.017,1.887,ACTIVE,75.0,1.0,4.0,1.680756,0.0,30.815083,2.007085,2.007085
27.57,9.631,-0.326,5.017,1.887,ACTIVE,78.0,0.0,2.0,1.680756,0.0,23.495,2.007085,2.007085
27.58,9.631,-0.326,5.017,1.887,ACTIVE,78.0,1.0,1.0,1.680756,0.0,50.784875,2.007085,2.007085
27.58,9.631,-0.326,5.017,1.887,ACTIVE,79.0,0.0,1.0,1.680756,0.0,18.784125,2.007085,2.007085
28.55,10.188,0.013,5.072,1.937,ACTIVE,64.0,12.0,4.0,1.842635,0.0,16.972834,1.725683,1.676419
28.66,10.243,0.049,5.078,1.940,ACTIVE,27.0,44.0,9.0,1.842635,0.0,24.607959,2.23134,1.990882
28.76,10.353,0.122,5.089,1.947,ACTIVE,69.0,5.0,6.0,1.842635,0.0,20.32375,2.303245,1.946466
28.88,10.353,0.122,5.089,1.947,NO_SAFE_TRAJECTORY,0.0,63.0,17.0,2.15153,0.0,16.59625,1.501345,1.178188
29.19,10.464,0.195,5.100,1.953,NO_SAFE_TRAJECTORY,0.0,78.0,2.0,2.15153,0.0,32.433583,1.254643,1.250205
29.44,10.519,0.232,5.104,1.956,NO_SAFE_TRAJECTORY,0.0,80.0,0.0,2.15153,0.0,21.107292,1.254643,1.250205
29.47,10.519,0.232,5.104,1.956,NO_SAFE_TRAJECTORY,0.0,80.0,0.0,2.15153,0.0,53.936666,1.254643,1.250205
29.48,10.575,0.269,5.108,1.958,NO_SAFE_TRAJECTORY,0.0,80.0,0.0,2.286397,0.0,92.67625,1.192702,1.187178
29.56,10.575,0.269,5.108,1.958,NO_SAFE_TRAJECTORY,0.0,80.0,0.0,2.286397,0.0,38.481833,1.192702,1.187178
29.60,10.575,0.269,5.108,1.958,NO_SAFE_TRAJECTORY,0.0,79.0,1.0,2.286397,0.0,21.507333,1.192702,1.187178
29.66,10.742,0.379,5.116,1.962,NO_SAFE_TRAJECTORY,0.0,80.0,0.0,2.450136,0.0,64.06125,1.130696,1.123828
29.67,10.742,0.379,5.116,1.962,NO_SAFE_TRAJECTORY,0.0,80.0,0.0,3.133989,0.0,20.5085,0.876546,0.865618
29.73,10.797,0.416,5.118,1.960,NO_SAFE_TRAJECTORY,0.0,80.0,0.0,3.191538,0.0,12.866917,0.465825,0.463852
29.84,10.853,0.452,5.120,1.955,NO_SAFE_TRAJECTORY,0.0,80.0,0.0,3.191538,0.0,35.7505,0.36502,0.363083
30.36,11.021,0.558,5.123,1.924,NO_SAFE_TRAJECTORY,0.0,80.0,0.0,3.191538,0.0,62.536833,0.36502,0.363083
30.36,11.076,0.591,5.124,1.908,NO_SAFE_TRAJECTORY,0.0,80.0,0.0,3.191538,0.0,18.726459,0.36502,0.363083
30.37,11.076,0.591,5.124,1.908,NO_SAFE_TRAJECTORY,0.0,80.0,0.0,3.191538,0.0,19.227042,0.36502,0.363083
30.37,11.076,0.591,5.124,1.908,NO_SAFE_TRAJECTORY,0.0,80.0,0.0,3.191538,0.0,21.583875,0.36502,0.363083
30.58,11.076,0.591,5.124,1.908,NO_SAFE_TRAJECTORY,0.0,80.0,0.0,3.191538,0.0,17.018875,0.314121,0.312199
30.64,11.132,0.624,5.124,1.891,NO_SAFE_TRAJECTORY,0.0,80.0,0.0,3.191538,0.0,17.506583,0.284988,0.283203
30.69,11.187,0.656,5.125,1.871,NO_SAFE_TRAJECTORY,0.0,80.0,0.0,3.191538,0.0,16.282333,0.284988,0.283203
30.76,11.242,0.687,5.126,1.850,NO_SAFE_TRAJECTORY,0.0,80.0,0.0,3.191538,0.0,22.395959,0.222794,0.221152
30.93,11.350,0.748,5.129,1.802,NO_SAFE_TRAJECTORY,0.0,80.0,0.0,3.191538,0.0,20.118416,0.222794,0.221152
31.00,11.350,0.748,5.129,1.802,NO_SAFE_TRAJECTORY,0.0,80.0,0.0,3.191538,0.0,24.272583,0.160472,0.158765
31.03,11.404,0.777,5.130,1.776,NO_SAFE_TRAJECTORY,0.0,80.0,0.0,3.191538,0.0,18.52725,0.076177,0.074622
31.28,11.456,0.806,5.132,1.750,NO_SAFE_TRAJECTORY,0.0,80.0,0.0,3.287494,0.0,20.032417,0.045896,0.044538
31.83,11.657,0.919,5.140,1.646,NO_SAFE_TRAJECTORY,0.0,80.0,0.0,3.399322,0.0,28.358917,0.033825,0.033507
31.84,11.752,0.975,5.145,1.600,NO_SAFE_TRAJECTORY,0.0,80.0,0.0,3.521515,0.0,39.717334,0.036866,0.036864
31.84,11.798,1.003,5.147,1.579,NO_SAFE_TRAJECTORY,0.0,80.0,0.0,3.521515,0.0,35.086333,0.036866,0.036864
31.84,11.798,1.003,5.147,1.579,NO_SAFE_TRAJECTORY,0.0,80.0,0.0,3.521515,0.0,19.205,0.036866,0.036864
31.85,11.843,1.031,5.150,1.560,NO_SAFE_TRAJECTORY,0.0,80.0,0.0,3.656064,0.0,47.495584,0.03942,0.03942
31.85,11.843,1.031,5.150,1.560,NO_SAFE_TRAJECTORY,0.0,80.0,0.0,3.973069,0.0,19.878083,0.062574,0.062574
31.92,11.887,1.059,5.153,1.543,NO_SAFE_TRAJECTORY,0.0,80.0,0.0,5.303413,0.0,20.808458,0.010247,0.010247
32.02,11.887,1.059,5.153,1.543,NO_SAFE_TRAJECTORY,0.0,80.0,0.0,5.303413,0.0,15.632625,0.010247,0.010247
32.17,11.974,1.115,5.158,1.514,NO_SAFE_TRAJECTORY,0.0,80.0,0.0,5.761674,0.0,24.230459,0.02249,0.022491
32.22,12.017,1.144,5.161,1.502,NO_SAFE_TRAJECTORY,0.0,80.0,0.0,6.358282,0.0,15.218042,0.025108,0.025108
32.34,12.059,1.172,5.163,1.491,NO_SAFE_TRAJECTORY,0.0,80.0,0.0,8.422664,0.0,28.379083,0.024723,0.024728
32.42,12.100,1.201,5.166,1.482,NO_SAFE_TRAJECTORY,0.0,80.0,0.0,8.422664,0.0,20.204833,0.03358,0.033059
32.53,12.100,1.201,5.166,1.482,NO_SAFE_TRAJECTORY,0.0,80.0,0.0,10.0,0.0,22.778417,0.022,0.021599
32.63,12.142,1.229,5.169,1.475,NO_SAFE_TRAJECTORY,0.0,80.0,0.0,10.0,0.0,24.713542,0.004988,0.003945
32.71,12.223,1.288,5.175,1.464,NO_SAFE_TRAJECTORY,0.0,80.0,0.0,10.0,0.0,16.278708,0.025054,0.024563
32.85,12.263,1.317,5.178,1.460,NO_SAFE_TRAJECTORY,0.0,80.0,0.0,10.0,0.0,17.067417,0.025704,0.024288
32.92,12.342,1.376,5.184,1.455,NO_SAFE_TRAJECTORY,0.0,80.0,0.0,10.0,0.0,23.463625,0.056677,0.055624
33.03,12.382,1.406,5.186,1.454,NO_SAFE_TRAJECTORY,0.0,80.0,0.0,10.0,0.0,18.771625,0.053842,0.052714
33.14,12.456,1.443,5.188,1.204,NO_SAFE_TRAJECTORY,0.0,80.0,0.0,10.0,0.0,43.424833,0.253509,0.103187
33.23,12.471,1.472,5.183,0.904,NO_SAFE_TRAJECTORY,0.0,80.0,0.0,10.0,0.0,31.540417,0.024639,0.020031
33.35,12.471,1.472,5.183,0.904,NO_SAFE_TRAJECTORY,0.0,80.0,0.0,10.0,0.0,50.415541,0.255228,0.108401
33.43,12.471,1.503,5.175,0.945,NO_SAFE_TRAJECTORY,0.0,80.0,0.0,10.0,0.0,30.103625,0.258095,0.258095
33.55,12.470,1.535,5.167,0.950,NO_SAFE_TRAJECTORY,0.0,80.0,0.0,10.0,0.0,51.429292,0.266441,0.266441
33.63,12.469,1.568,5.160,0.964,NO_SAFE_TRAJECTORY,0.0,80.0,0.0,10.0,0.0,34.083125,0.256274,0.256012
33.71,12.469,1.601,5.156,0.987,NO_SAFE_TRAJECTORY,0.0,80.0,0.0,10.0,0.0,18.07525,0.192081,0.192068
33.85,12.469,1.635,5.153,1.032,NO_SAFE_TRAJECTORY,0.0,80.0,0.0,10.0,0.0,21.416458,0.102644,0.101376
33.93,12.471,1.672,5.151,1.105,NO_SAFE_TRAJECTORY,0.0,80.0,0.0,10.0,0.0,16.600458,0.043568,0.044716
34.02,12.480,1.755,5.141,1.366,NO_SAFE_TRAJECTORY,0.0,80.0,0.0,10.0,0.0,15.275833,0.041155,0.029383
34.13,12.497,1.850,5.112,1.624,NO_SAFE_TRAJECTORY,0.0,80.0,0.0,10.0,0.0,22.176125,0.045082,0.029853
34.23,12.508,1.902,5.088,1.787,NO_SAFE_TRAJECTORY,0.0,80.0,0.0,10.0,0.0,40.176,0.081106,0.082985
34.37,12.537,2.017,5.019,2.180,NO_SAFE_TRAJECTORY,0.0,80.0,0.0,10.0,0.0,38.718875,0.088531,0.088607
34.46,12.556,2.080,4.973,2.403,ACTIVE,80.0,0.0,0.0,10.0,0.0,23.633083,5.202026,5.194393
34.55,12.556,2.080,4.973,2.403,ACTIVE,80.0,0.0,0.0,10.0,0.0,32.192666,5.177133,5.178488
34.62,12.578,2.145,4.919,2.622,ACTIVE,80.0,0.0,0.0,10.0,0.0,17.927709,5.144066,5.128253
34.80,12.634,2.283,4.782,3.094,ACTIVE,80.0,0.0,0.0,10.0,0.0,34.361875,5.121617,5.124613
34.83,12.634,2.283,4.782,3.094,ACTIVE,80.0,0.0,0.0,10.0,0.0,23.59925,5.11847,5.115844
34.93,12.668,2.354,4.697,3.344,ACTIVE,80.0,0.0,0.0,10.0,0.0,23.511667,4.720674,4.720674
35.13,12.675,2.502,4.496,3.889,ACTIVE,80.0,0.0,0.0,10.0,0.0,55.655667,4.622852,4.610194
35.28,12.675,2.580,4.382,4.153,ACTIVE,80.0,0.0,0.0,10.0,0.0,56.405792,4.494351,4.468585
35.30,12.675,2.580,4.382,4.153,ACTIVE,80.0,0.0,0.0,10.0,0.0,58.381458,4.49619,4.468585
35.37,12.675,2.660,4.259,4.419,ACTIVE,80.0,0.0,0.0,10.0,0.0,70.207584,4.270315,4.270552
35.42,12.675,2.660,4.259,4.419,ACTIVE,80.0,0.0,0.0,10.0,0.0,23.443917,4.261348,4.261255
35.53,12.675,2.742,4.126,4.687,ACTIVE,80.0,0.0,0.0,10.0,0.0,18.7185,4.128748,4.128736
35.63,12.675,2.911,3.831,5.228,ACTIVE,80.0,0.0,0.0,10.0,0.0,16.332625,3.986178,3.986178
35.77,12.675,2.997,3.669,5.501,ACTIVE,80.0,0.0,0.0,10.0,0.0,37.677083,3.827433,3.811898
35.82,12.675,3.084,3.497,5.776,ACTIVE,80.0,0.0,0.0,10.0,0.0,23.809666,3.667366,3.640336
35.93,12.675,3.173,3.315,6.060,ACTIVE,80.0,0.0,0.0,10.0,0.0,28.677458,3.496039,3.468836
36.02,12.675,3.173,3.315,6.060,ACTIVE,80.0,0.0,0.0,10.0,0.0,21.035542,3.295858,3.275123
36.13,12.675,3.350,2.917,6.664,ACTIVE,80.0,0.0,0.0,10.0,0.0,16.410916,3.104401,3.095094
36.25,12.675,3.350,2.917,6.664,ACTIVE,80.0,0.0,0.0,10.0,0.0,49.51125,2.904273,2.884239
36.33,12.675,3.438,2.700,6.989,ACTIVE,80.0,0.0,0.0,10.0,0.0,21.489625,2.697332,2.674526
36.42,12.675,3.606,2.227,7.702,ACTIVE,80.0,0.0,0.0,10.0,0.0,18.871833,2.46872,2.460864
36.52,12.675,3.685,1.969,8.082,ACTIVE,80.0,0.0,0.0,3.0,0.0,17.564583,1.969016,1.963807
36.62,12.675,3.761,1.696,8.477,ACTIVE,80.0,0.0,0.0,3.0,0.0,19.728292,1.698169,1.697368
36.73,12.675,3.899,1.106,9.143,ACTIVE,80.0,0.0,0.0,3.0,0.0,25.237209,1.698136,1.697368
36.82,12.675,3.961,0.796,9.390,NO_SAFE_TRAJECTORY,0.0,80.0,0.0,3.0,0.0,19.14525,0.797963,0.797106
36.95,12.668,4.095,0.221,3.175,NO_SAFE_TRAJECTORY,0.0,80.0,0.0,3.0,0.0,14.81375,0.454737,0.454162
37.01,12.642,4.151,0.217,1.659,NO_SAFE_TRAJECTORY,0.0,80.0,0.0,10.0,0.0,13.021583,0.217931,0.126673
37.13,12.620,4.203,0.209,1.360,NO_SAFE_TRAJECTORY,0.0,80.0,0.0,10.0,0.0,18.750917,0.010064,0.00686
37.25,12.607,4.241,0.196,0.949,NO_SAFE_TRAJECTORY,0.0,80.0,0.0,10.0,0.0,36.026083,0.002717,0.000903
37.31,12.606,4.261,0.199,0.445,NO_SAFE_TRAJECTORY,0.0,80.0,0.0,10.0,0.0,17.646917,0.293039,0.293039
37.43,12.624,4.267,0.199,0.003,NO_SAFE_TRAJECTORY,0.0,80.0,0.0,10.0,0.0,21.1345,0.271876,0.27833
37.55,12.624,4.267,0.199,0.003,NO_SAFE_TRAJECTORY,0.0,80.0,0.0,10.0,0.0,34.86625,0.307997,0.307991
37.66,12.623,4.267,0.199,0.003,NO_SAFE_TRAJECTORY,0.0,80.0,0.0,10.0,0.0,39.74075,0.307997,0.307991
37.73,12.623,4.267,0.199,0.002,NO_SAFE_TRAJECTORY,0.0,80.0,0.0,10.0,0.0,23.968792,0.313618,0.313614
37.83,12.623,4.267,0.199,0.002,NO_SAFE_TRAJECTORY,0.0,80.0,0.0,10.0,0.0,24.948833,0.317611,0.317611
37.93,12.623,4.267,0.199,0.002,NO_SAFE_TRAJECTORY,0.0,80.0,0.0,10.0,0.0,30.259708,0.317623,0.317623
38.02,12.623,4.267,0.199,0.002,NO_SAFE_TRAJECTORY,0.0,80.0,0.0,10.0,0.0,20.686125,0.317612,0.317612
38.12,12.623,4.268,0.199,0.002,NO_SAFE_TRAJECTORY,0.0,80.0,0.0,10.0,0.0,22.004209,0.317625,0.317625
38.22,12.623,4.268,0.199,0.002,NO_SAFE_TRAJECTORY,0.0,80.0,0.0,10.0,0.0,20.470167,0.31762,0.31762
38.33,12.623,4.268,0.199,0.002,NO_SAFE_TRAJECTORY,0.0,80.0,0.0,10.0,0.0,30.49125,0.317624,0.317624
38.42,12.623,4.268,0.199,0.002,NO_SAFE_TRAJECTORY,0.0,80.0,0.0,10.0,0.0,22.770791,0.317623,0.317623
38.54,12.623,4.268,0.199,0.002,NO_SAFE_TRAJECTORY,0.0,80.0,0.0,10.0,0.0,45.742292,0.317625,0.317625
38.64,12.623,4.268,0.199,0.002,NO_SAFE_TRAJECTORY,0.0,80.0,0.0,10.0,0.0,42.066375,0.317628,0.317628
38.74,12.623,4.268,0.199,0.002,NO_SAFE_TRAJECTORY,0.0,80.0,0.0,10.0,0.0,18.715209,0.317621,0.317621
38.85,12.623,4.268,0.199,0.002,NO_SAFE_TRAJECTORY,0.0,80.0,0.0,10.0,0.0,53.721625,0.317626,0.317626
38.95,12.623,4.268,0.199,0.002,NO_SAFE_TRAJECTORY,0.0,80.0,0.0,10.0,0.0,50.71925,0.317626,0.317626
39.03,12.623,4.268,0.199,0.002,NO_SAFE_TRAJECTORY,0.0,80.0,0.0,10.0,0.0,24.066292,0.317622,0.317622
39.13,12.623,4.268,0.199,0.002,NO_SAFE_TRAJECTORY,0.0,80.0,0.0,10.0,0.0,37.451917,0.317624,0.317624
39.27,12.623,4.268,0.199,0.002,NO_SAFE_TRAJECTORY,0.0,80.0,0.0,10.0,0.0,73.8765,0.317626,0.317626
39.37,12.623,4.268,0.199,0.002,NO_SAFE_TRAJECTORY,0.0,80.0,0.0,10.0,0.0,49.046333,0.317626,0.317626
39.45,12.623,4.268,0.199,0.002,NO_SAFE_TRAJECTORY,0.0,80.0,0.0,10.0,0.0,40.329875,0.317622,0.317622
39.59,12.623,4.268,0.199,0.002,NO_SAFE_TRAJECTORY,0.0,80.0,0.0,10.0,0.0,87.616042,0.317624,0.317624
39.64,12.623,4.268,0.199,0.002,NO_SAFE_TRAJECTORY,0.0,80.0,0.0,10.0,0.0,27.350167,0.317624,0.317624
39.73,12.623,4.268,0.199,0.002,NO_SAFE_TRAJECTORY,0.0,80.0,0.0,10.0,0.0,18.1365,0.317626,0.317626
39.92,12.623,4.269,0.199,0.002,NO_SAFE_TRAJECTORY,0.0,80.0,0.0,10.0,0.0,83.535292,0.317624,0.317624
39.95,12.623,4.269,0.199,0.002,NO_SAFE_TRAJECTORY,0.0,80.0,0.0,10.0,0.0,21.929417,0.317626,0.317626
40.08,12.623,4.269,0.199,0.002,NO_SAFE_TRAJECTORY,0.0,80.0,0.0,10.0,0.0,77.351042,0.317624,0.317624
40.15,12.623,4.269,0.199,0.002,NO_SAFE_TRAJECTORY,0.0,80.0,0.0,10.0,0.0,42.359791,0.317626,0.317626
40.23,12.623,4.269,0.199,0.002,NO_SAFE_TRAJECTORY,0.0,80.0,0.0,10.0,0.0,34.444291,0.317623,0.317623
40.38,12.623,4.269,0.199,0.002,NO_SAFE_TRAJECTORY,0.0,80.0,0.0,10.0,0.0,69.000666,0.317625,0.317625
40.42,12.623,4.269,0.199,0.002,NO_SAFE_TRAJECTORY,0.0,80.0,0.0,10.0,0.0,22.414667,0.317627,0.317627
40.52,12.623,4.269,0.199,0.002,NO_SAFE_TRAJECTORY,0.0,80.0,0.0,10.0,0.0,18.492,0.317622,0.317622
40.63,12.623,4.269,0.199,0.002,NO_SAFE_TRAJECTORY,0.0,80.0,0.0,10.0,0.0,33.777208,0.317626,0.317626
40.74,12.624,4.269,0.199,0.002,NO_SAFE_TRAJECTORY,0.0,80.0,0.0,10.0,0.0,37.985833,0.317623,0.317623
40.83,12.624,4.269,0.199,0.002,NO_SAFE_TRAJECTORY,0.0,80.0,0.0,10.0,0.0,25.772333,0.317626,0.317626
40.94,12.624,4.269,0.199,0.002,NO_SAFE_TRAJECTORY,0.0,80.0,0.0,10.0,0.0,23.493417,0.317622,0.317622
41.07,12.624,4.269,0.199,0.002,NO_SAFE_TRAJECTORY,0.0,80.0,0.0,10.0,0.0,67.056917,0.317624,0.317624
41.13,12.624,4.269,0.199,0.002,NO_SAFE_TRAJECTORY,0.0,80.0,0.0,10.0,0.0,33.289917,0.317626,0.317626
41.25,12.624,4.269,0.199,0.002,NO_SAFE_TRAJECTORY,0.0,80.0,0.0,10.0,0.0,41.577417,0.317623,0.317623
41.33,12.624,4.269,0.199,0.002,NO_SAFE_TRAJECTORY,0.0,80.0,0.0,10.0,0.0,32.784209,0.317625,0.317625
41.42,12.624,4.269,0.199,0.002,NO_SAFE_TRAJECTORY,0.0,80.0,0.0,10.0,0.0,21.43075,0.317627,0.317627
41.51,12.624,4.270,0.199,0.002,NO_SAFE_TRAJECTORY,0.0,80.0,0.0,10.0,0.0,18.874125,0.317625,0.317625
41.62,12.624,4.270,0.199,0.002,NO_SAFE_TRAJECTORY,0.0,80.0,0.0,10.0,0.0,23.405958,0.317627,0.317627
41.72,12.624,4.270,0.199,0.002,NO_SAFE_TRAJECTORY,0.0,80.0,0.0,10.0,0.0,21.127417,0.317623,0.317623
41.83,12.624,4.270,0.199,0.002,NO_SAFE_TRAJECTORY,0.0,80.0,0.0,10.0,0.0,27.232542,0.317627,0.317627
41.95,12.624,4.270,0.199,0.002,NO_SAFE_TRAJECTORY,0.0,80.0,0.0,10.0,0.0,37.859333,0.317623,0.317623
42.08,12.624,4.270,0.199,0.002,NO_SAFE_TRAJECTORY,0.0,80.0,0.0,10.0,0.0,44.893625,0.317627,0.317627
42.15,12.624,4.270,0.199,0.002,NO_SAFE_TRAJECTORY,0.0,80.0,0.0,10.0,0.0,25.18475,0.317621,0.317621
42.23,12.624,4.270,0.199,0.002,NO_SAFE_TRAJECTORY,0.0,80.0,0.0,10.0,0.0,26.101125,0.317625,0.317625
42.65,12.624,4.270,0.199,0.002,NO_SAFE_TRAJECTORY,0.0,80.0,0.0,10.0,0.0,42.809875,0.317621,0.317621
42.73,12.624,4.270,0.199,0.002,NO_SAFE_TRAJECTORY,0.0,80.0,0.0,10.0,0.0,24.759791,0.317623,0.317623
42.89,12.624,4.271,0.199,0.002,NO_SAFE_TRAJECTORY,0.0,80.0,0.0,10.0,0.0,80.061666,0.317627,0.317627
42.98,12.624,4.271,0.199,0.002,NO_SAFE_TRAJECTORY,0.0,80.0,0.0,10.0,0.0,41.0635,0.317625,0.317625
43.02,12.624,4.271,0.199,0.002,NO_SAFE_TRAJECTORY,0.0,80.0,0.0,10.0,0.0,19.763709,0.317622,0.317622
43.12,12.624,4.271,0.199,0.002,NO_SAFE_TRAJECTORY,0.0,80.0,0.0,10.0,0.0,25.176416,0.317626,0.317626
43.23,12.624,4.271,0.199,0.002,NO_SAFE_TRAJECTORY,0.0,80.0,0.0,10.0,0.0,21.79875,0.317628,0.317628
43.33,12.624,4.271,0.199,0.002,NO_SAFE_TRAJECTORY,0.0,80.0,0.0,10.0,0.0,27.322458,0.316979,0.316978
43.43,12.623,4.271,0.199,0.001,NO_SAFE_TRAJECTORY,0.0,80.0,0.0,10.0,0.0,28.123584,0.31717,0.317169
43.52,12.623,4.271,0.199,0.001,NO_SAFE_TRAJECTORY,0.0,80.0,0.0,10.0,0.0,19.434792,0.317106,0.317106
43.61,12.623,4.271,0.199,0.000,NO_SAFE_TRAJECTORY,0.0,80.0,0.0,10.0,0.0,17.623792,0.317693,0.317693
43.72,12.623,4.271,0.199,0.000,NO_SAFE_TRAJECTORY,0.0,80.0,0.0,10.0,0.0,19.819458,0.317617,0.317617
43.82,12.623,4.271,0.199,0.000,NO_SAFE_TRAJECTORY,0.0,80.0,0.0,10.0,0.0,22.141958,0.317613,0.317613
43.92,12.623,4.271,0.199,0.000,NO_SAFE_TRAJECTORY,0.0,80.0,0.0,10.0,0.0,20.85925,0.317617,0.317617
44.03,12.623,4.271,0.199,0.000,NO_SAFE_TRAJECTORY,0.0,80.0,0.0,10.0,0.0,27.065458,0.317613,0.317613
44.12,12.623,4.271,0.199,0.000,NO_SAFE_TRAJECTORY,0.0,80.0,0.0,10.0,0.0,22.943333,0.31762,0.31762
44.23,12.623,4.271,0.199,0.000,NO_SAFE_TRAJECTORY,0.0,80.0,0.0,10.0,0.0,28.423458,0.317613,0.317613
44.32,12.623,4.271,0.199,0.000,NO_SAFE_TRAJECTORY,0.0,80.0,0.0,10.0,0.0,19.375459,0.31762,0.31762
44.41,12.623,4.271,0.199,0.000,NO_SAFE_TRAJECTORY,0.0,80.0,0.0,10.0,0.0,18.14675,0.317612,0.317612
44.52,12.623,4.271,0.199,0.000,NO_SAFE_TRAJECTORY,0.0,80.0,0.0,10.0,0.0,24.190833,0.31762,0.31762
44.65,12.623,4.271,0.199,0.000,NO_SAFE_TRAJECTORY,0.0,80.0,0.0,10.0,0.0,22.906584,0.317616,0.317616
44.71,12.623,4.271,0.199,0.000,NO_SAFE_TRAJECTORY,0.0,80.0,0.0,10.0,0.0,19.869166,0.31762,0.31762
44.81,12.623,4.271,0.199,0.000,NO_SAFE_TRAJECTORY,0.0,80.0,0.0,10.0,0.0,15.537959,0.317616,0.317616
44.92,12.623,4.271,0.199,0.000,NO_SAFE_TRAJECTORY,0.0,80.0,0.0,10.0,0.0,20.163875,0.317619,0.317619
45.03,12.623,4.271,0.199,0.000,NO_SAFE_TRAJECTORY,0.0,80.0,0.0,10.0,0.0,31.226167,0.317615,0.317615
45.14,12.623,4.271,0.199,0.000,NO_SAFE_TRAJECTORY,0.0,80.0,0.0,10.0,0.0,18.609458,0.317623,0.317623
45.24,12.623,4.271,0.199,0.000,NO_SAFE_TRAJECTORY,0.0,80.0,0.0,10.0,0.0,17.465375,0.317616,0.317616
45.34,12.623,4.271,0.199,0.000,NO_SAFE_TRAJECTORY,0.0,80.0,0.0,10.0,0.0,30.0535,0.317623,0.317623
45.43,12.623,4.271,0.199,0.000,NO_SAFE_TRAJECTORY,0.0,80.0,0.0,10.0,0.0,18.562709,0.317616,0.317616
45.52,12.623,4.271,0.199,0.000,NO_SAFE_TRAJECTORY,0.0,80.0,0.0,10.0,0.0,19.8715,0.317613,0.317613
45.63,12.623,4.271,0.199,0.000,NO_SAFE_TRAJECTORY,0.0,80.0,0.0,10.0,0.0,22.874542,0.317615,0.317615
45.71,12.623,4.271,0.199,0.000,NO_SAFE_TRAJECTORY,0.0,80.0,0.0,10.0,0.0,19.282042,0.317611,0.317611
45.84,12.623,4.271,0.199,0.000,NO_SAFE_TRAJECTORY,0.0,80.0,0.0,10.0,0.0,41.270708,0.317616,0.317616
45.92,12.623,4.271,0.199,0.000,NO_SAFE_TRAJECTORY,0.0,80.0,0.0,10.0,0.0,22.125209,0.317616,0.317616
46.03,12.623,4.271,0.199,0.000,NO_SAFE_TRAJECTORY,0.0,80.0,0.0,10.0,0.0,33.823708,0.317619,0.317619
46.12,12.623,4.271,0.199,0.000,NO_SAFE_TRAJECTORY,0.0,80.0,0.0,10.0,0.0,28.656833,0.317622,0.317622
46.21,12.624,4.271,0.199,0.000,NO_SAFE_TRAJECTORY,0.0,80.0,0.0,10.0,0.0,17.746917,0.317616,0.317616
46.32,12.624,4.271,0.199,0.000,NO_SAFE_TRAJECTORY,0.0,80.0,0.0,10.0,0.0,18.699667,0.317621,0.317621
46.43,12.624,4.271,0.199,0.000,NO_SAFE_TRAJECTORY,0.0,80.0,0.0,10.0,0.0,31.78125,0.317614,0.317614
46.52,12.624,4.271,0.199,0.000,NO_SAFE_TRAJECTORY,0.0,80.0,0.0,10.0,0.0,23.456833,0.317621,0.317621
46.83,12.624,4.271,0.199,0.000,NO_SAFE_TRAJECTORY,0.0,80.0,0.0,10.0,0.0,28.559875,0.317614,0.317614
46.92,12.624,4.271,0.199,0.000,NO_SAFE_TRAJECTORY,0.0,80.0,0.0,10.0,0.0,22.055333,0.317618,0.317618
47.02,12.624,4.271,0.199,0.000,NO_SAFE_TRAJECTORY,0.0,80.0,0.0,10.0,0.0,15.303,0.317621,0.317621
47.13,12.624,4.271,0.199,0.000,NO_SAFE_TRAJECTORY,0.0,80.0,0.0,10.0,0.0,20.380833,0.317614,0.317614
47.27,12.624,4.271,0.199,0.000,NO_SAFE_TRAJECTORY,0.0,80.0,0.0,10.0,0.0,58.861833,0.317621,0.317621
47.34,12.624,4.271,0.199,0.000,NO_SAFE_TRAJECTORY,0.0,80.0,0.0,10.0,0.0,34.921542,0.317621,0.317621
48.26,12.624,4.271,0.199,0.000,NO_SAFE_TRAJECTORY,0.0,80.0,0.0,10.0,0.0,87.898875,0.317617,0.317617
48.26,12.624,4.271,0.199,0.000,NO_SAFE_TRAJECTORY,0.0,80.0,0.0,10.0,0.0,31.95075,0.317617,0.317617
48.28,12.624,4.271,0.199,0.000,NO_SAFE_TRAJECTORY,0.0,80.0,0.0,10.0,0.0,52.759375,0.317617,0.317617
48.34,12.624,4.271,0.199,0.000,NO_SAFE_TRAJECTORY,0.0,80.0,0.0,10.0,0.0,45.591791,0.31762,0.31762
48.50,12.624,4.271,0.199,0.000,NO_SAFE_TRAJECTORY,0.0,80.0,0.0,10.0,0.0,84.179292,0.317617,0.317617
48.58,12.624,4.271,0.199,0.000,NO_SAFE_TRAJECTORY,0.0,80.0,0.0,10.0,0.0,68.851458,0.317617,0.317617
49.19,12.624,4.271,0.199,0.000,NO_SAFE_TRAJECTORY,0.0,80.0,0.0,10.0,0.0,37.975042,0.317624,0.317624
49.24,12.624,4.271,0.199,0.000,NO_SAFE_TRAJECTORY,0.0,80.0,0.0,10.0,0.0,31.959,0.31762,0.31762
49.49,12.624,4.271,0.199,0.000,NO_SAFE_TRAJECTORY,0.0,80.0,0.0,10.0,0.0,28.917417,0.31762,0.31762
50.14,12.624,4.271,0.199,0.000,NO_SAFE_TRAJECTORY,0.0,80.0,0.0,10.0,0.0,21.900375,0.317617,0.317617
50.32,12.624,4.271,0.199,0.000,NO_SAFE_TRAJECTORY,0.0,80.0,0.0,10.0,0.0,16.815583,0.317617,0.317617
50.46,12.624,4.271,0.199,0.000,NO_SAFE_TRAJECTORY,0.0,80.0,0.0,10.0,0.0,41.700417,0.317624,0.317624
50.52,12.624,4.271,0.199,0.000,NO_SAFE_TRAJECTORY,0.0,80.0,0.0,10.0,0.0,20.814208,0.31762,0.31762
50.62,12.624,4.271,0.199,0.000,NO_SAFE_TRAJECTORY,0.0,80.0,0.0,10.0,0.0,22.006333,0.317617,0.317617
50.74,12.624,4.271,0.199,0.000,NO_SAFE_TRAJECTORY,0.0,80.0,0.0,10.0,0.0,48.191708,0.31762,0.31762
50.82,12.624,4.271,0.199,0.000,NO_SAFE_TRAJECTORY,0.0,80.0,0.0,10.0,0.0,21.609,0.317616,0.317616
50.94,12.624,4.271,0.199,0.000,NO_SAFE_TRAJECTORY,0.0,80.0,0.0,10.0,0.0,38.981708,0.317613,0.317613
51.03,12.624,4.271,0.199,0.000,NO_SAFE_TRAJECTORY,0.0,80.0,0.0,10.0,0.0,19.485667,0.317619,0.317619
51.12,12.624,4.271,0.199,0.000,NO_SAFE_TRAJECTORY,0.0,80.0,0.0,10.0,0.0,18.904291,0.317616,0.317616
51.21,12.624,4.271,0.199,0.000,NO_SAFE_TRAJECTORY,0.0,80.0,0.0,10.0,0.0,16.681292,0.317619,0.317619
51.32,12.624,4.271,0.199,0.000,NO_SAFE_TRAJECTORY,0.0,80.0,0.0,10.0,0.0,17.170375,0.317613,0.317613
51.44,12.624,4.271,0.199,0.000,NO_SAFE_TRAJECTORY,0.0,80.0,0.0,10.0,0.0,24.205292,0.317618,0.317618
51.57,12.624,4.271,0.199,0.000,NO_SAFE_TRAJECTORY,0.0,80.0,0.0,10.0,0.0,26.487667,0.317612,0.317612
51.64,12.624,4.271,0.199,0.000,NO_SAFE_TRAJECTORY,0.0,80.0,0.0,10.0,0.0,25.933417,0.317619,0.317619
51.73,12.624,4.271,0.199,0.000,NO_SAFE_TRAJECTORY,0.0,80.0,0.0,10.0,0.0,16.559083,0.317616,0.317616
51.81,12.624,4.271,0.199,0.000,NO_SAFE_TRAJECTORY,0.0,80.0,0.0,10.0,0.0,18.153,0.317618,0.317618
51.91,12.624,4.271,0.199,0.000,NO_SAFE_TRAJECTORY,0.0,80.0,0.0,10.0,0.0,20.125,0.317615,0.317615
52.09,12.624,4.271,0.199,0.000,NO_SAFE_TRAJECTORY,0.0,80.0,0.0,10.0,0.0,74.003417,0.317612,0.317612
52.52,12.624,4.271,0.199,0.000,NO_SAFE_TRAJECTORY,0.0,80.0,0.0,10.0,0.0,17.628458,0.317618,0.317618
52.62,12.624,4.271,0.199,0.000,NO_SAFE_TRAJECTORY,0.0,80.0,0.0,10.0,0.0,22.764041,0.317615,0.317615
52.71,12.624,4.271,0.199,0.000,NO_SAFE_TRAJECTORY,0.0,80.0,0.0,10.0,0.0,20.44875,0.317618,0.317618
52.82,12.624,4.271,0.199,0.000,NO_SAFE_TRAJECTORY,0.0,80.0,0.0,10.0,0.0,19.500958,0.317615,0.317615
52.94,12.624,4.271,0.199,0.000,NO_SAFE_TRAJECTORY,0.0,80.0,0.0,10.0,0.0,21.449083,0.317621,0.317621
53.03,12.624,4.271,0.199,0.000,NO_SAFE_TRAJECTORY,0.0,80.0,0.0,10.0,0.0,33.376,0.317615,0.317615
53.17,12.624,4.271,0.199,0.000,NO_SAFE_TRAJECTORY,0.0,80.0,0.0,10.0,0.0,43.836416,0.31762,0.31762
53.21,12.624,4.271,0.199,0.000,NO_SAFE_TRAJECTORY,0.0,80.0,0.0,10.0,0.0,17.889917,0.317617,0.317617
53.33,12.624,4.271,0.199,0.000,NO_SAFE_TRAJECTORY,0.0,80.0,0.0,10.0,0.0,29.743125,0.317621,0.317621
53.42,12.624,4.271,0.199,0.000,NO_SAFE_TRAJECTORY,0.0,80.0,0.0,10.0,0.0,16.489417,0.317617,0.317617
53.52,12.624,4.271,0.199,0.000,NO_SAFE_TRAJECTORY,0.0,80.0,0.0,10.0,0.0,16.365875,0.31762,0.31762
53.62,12.624,4.271,0.199,0.000,NO_SAFE_TRAJECTORY,0.0,80.0,0.0,10.0,0.0,16.180125,0.317617,0.317617
53.72,12.624,4.271,0.199,0.000,NO_SAFE_TRAJECTORY,0.0,80.0,0.0,10.0,0.0,20.224667,0.317621,0.317621
53.82,12.624,4.271,0.199,0.000,NO_SAFE_TRAJECTORY,0.0,80.0,0.0,10.0,0.0,17.681792,0.317614,0.317614
53.91,12.624,4.271,0.199,0.000,NO_SAFE_TRAJECTORY,0.0,80.0,0.0,10.0,0.0,19.12125,0.317621,0.317621
54.02,12.624,4.271,0.199,0.000,NO_SAFE_TRAJECTORY,0.0,80.0,0.0,10.0,0.0,18.446416,0.317614,0.317614
54.12,12.624,4.271,0.199,0.000,NO_SAFE_TRAJECTORY,0.0,80.0,0.0,10.0,0.0,24.032,0.317617,0.317617
54.22,12.624,4.271,0.199,0.000,NO_SAFE_TRAJECTORY,0.0,80.0,0.0,10.0,0.0,16.810875,0.317614,0.317614
54.33,12.624,4.271,0.199,0.000,NO_SAFE_TRAJECTORY,0.0,80.0,0.0,10.0,0.0,34.875083,0.317619,0.317619
54.43,12.624,4.271,0.199,0.000,NO_SAFE_TRAJECTORY,0.0,80.0,0.0,10.0,0.0,18.546083,0.317613,0.317613
54.53,12.624,4.271,0.199,0.000,NO_SAFE_TRAJECTORY,0.0,80.0,0.0,10.0,0.0,28.500542,0.317617,0.317617
54.66,12.624,4.271,0.199,0.000,NO_SAFE_TRAJECTORY,0.0,80.0,0.0,10.0,0.0,19.135417,0.317614,0.317614
54.73,12.624,4.271,0.199,0.000,NO_SAFE_TRAJECTORY,0.0,80.0,0.0,10.0,0.0,20.451833,0.317623,0.317623
54.82,12.624,4.271,0.199,0.000,NO_SAFE_TRAJECTORY,0.0,80.0,0.0,10.0,0.0,19.765458,0.31762,0.31762
54.91,12.624,4.271,0.199,0.000,NO_SAFE_TRAJECTORY,0.0,80.0,0.0,10.0,0.0,17.424083,0.317613,0.317613
55.01,12.624,4.271,0.199,0.000,NO_SAFE_TRAJECTORY,0.0,80.0,0.0,10.0,0.0,19.266333,0.317616,0.317616
55.12,12.624,4.271,0.199,0.000,NO_SAFE_TRAJECTORY,0.0,80.0,0.0,10.0,0.0,17.397208,0.317619,0.317619
55.22,12.624,4.271,0.199,0.000,NO_SAFE_TRAJECTORY,0.0,80.0,0.0,10.0,0.0,17.4115,0.317616,0.317616
55.35,12.624,4.271,0.199,0.000,NO_SAFE_TRAJECTORY,0.0,80.0,0.0,10.0,0.0,50.18225,0.317619,0.317619
55.43,12.624,4.271,0.199,0.000,NO_SAFE_TRAJECTORY,0.0,80.0,0.0,10.0,0.0,17.910042,0.317615,0.317615
55.51,12.624,4.271,0.199,0.000,NO_SAFE_TRAJECTORY,0.0,80.0,0.0,10.0,0.0,17.791292,0.317619,0.317619
55.62,12.624,4.271,0.199,0.000,NO_SAFE_TRAJECTORY,0.0,80.0,0.0,10.0,0.0,18.750625,0.317616,0.317616
55.72,12.624,4.271,0.199,0.000,NO_SAFE_TRAJECTORY,0.0,80.0,0.0,10.0,0.0,18.25925,0.317622,0.317622
55.87,12.624,4.271,0.199,0.000,NO_SAFE_TRAJECTORY,0.0,80.0,0.0,10.0,0.0,69.950916,0.317616,0.317616
55.93,12.624,4.271,0.199,0.000,NO_SAFE_TRAJECTORY,0.0,80.0,0.0,10.0,0.0,19.841459,0.317622,0.317622
56.01,12.624,4.271,0.199,0.000,NO_SAFE_TRAJECTORY,0.0,80.0,0.0,10.0,0.0,18.705958,0.317616,0.317616
56.12,12.624,4.271,0.199,0.000,NO_SAFE_TRAJECTORY,0.0,80.0,0.0,10.0,0.0,25.531708,0.317618,0.317618
56.23,12.624,4.271,0.199,0.000,NO_SAFE_TRAJECTORY,0.0,80.0,0.0,10.0,0.0,23.220083,0.317615,0.317615
56.36,12.624,4.271,0.199,0.000,NO_SAFE_TRAJECTORY,0.0,80.0,0.0,10.0,0.0,19.734791,0.317612,0.317612
56.43,12.624,4.271,0.199,0.000,NO_SAFE_TRAJECTORY,0.0,80.0,0.0,10.0,0.0,24.567,0.317617,0.317617
56.53,12.624,4.271,0.199,0.000,NO_SAFE_TRAJECTORY,0.0,80.0,0.0,10.0,0.0,34.766583,0.317614,0.317614
56.67,12.624,4.271,0.199,0.000,NO_SAFE_TRAJECTORY,0.0,80.0,0.0,10.0,0.0,75.523375,0.317619,0.317619
56.73,12.624,4.271,0.199,0.000,NO_SAFE_TRAJECTORY,0.0,80.0,0.0,10.0,0.0,34.091625,0.317619,0.317619
56.83,12.624,4.271,0.199,0.000,NO_SAFE_TRAJECTORY,0.0,80.0,0.0,10.0,0.0,32.037541,0.317621,0.317621
56.92,12.624,4.271,0.199,0.000,NO_SAFE_TRAJECTORY,0.0,80.0,0.0,10.0,0.0,18.690167,0.317614,0.317614
57.01,12.624,4.271,0.199,0.000,NO_SAFE_TRAJECTORY,0.0,80.0,0.0,10.0,0.0,19.566875,0.317618,0.317618
57.11,12.624,4.271,0.199,0.000,NO_SAFE_TRAJECTORY,0.0,80.0,0.0,10.0,0.0,19.50175,0.317614,0.317614
57.22,12.624,4.271,0.199,0.000,NO_SAFE_TRAJECTORY,0.0,80.0,0.0,10.0,0.0,18.585667,0.317617,0.317617
57.32,12.624,4.271,0.199,0.000,NO_SAFE_TRAJECTORY,0.0,80.0,0.0,10.0,0.0,18.120083,0.31762,0.31762
57.44,12.624,4.271,0.199,0.000,NO_SAFE_TRAJECTORY,0.0,80.0,0.0,10.0,0.0,38.209167,0.317614,0.317614
57.53,12.624,4.271,0.199,0.000,NO_SAFE_TRAJECTORY,0.0,80.0,0.0,10.0,0.0,16.93275,0.317616,0.317616
57.61,12.624,4.271,0.199,0.000,NO_SAFE_TRAJECTORY,0.0,80.0,0.0,10.0,0.0,17.470125,0.317621,0.317621
57.73,12.624,4.271,0.199,0.000,NO_SAFE_TRAJECTORY,0.0,80.0,0.0,10.0,0.0,16.572625,0.317614,0.317614
57.82,12.624,4.271,0.199,0.000,NO_SAFE_TRAJECTORY,0.0,80.0,0.0,10.0,0.0,19.123,0.317616,0.317616
57.92,12.624,4.271,0.199,0.000,NO_SAFE_TRAJECTORY,0.0,80.0,0.0,10.0,0.0,18.188084,0.317619,0.317619
58.02,12.624,4.271,0.199,0.000,NO_SAFE_TRAJECTORY,0.0,80.0,0.0,10.0,0.0,18.872833,0.317613,0.317613
58.11,12.624,4.271,0.199,0.000,NO_SAFE_TRAJECTORY,0.0,80.0,0.0,10.0,0.0,19.8435,0.317616,0.317616
58.22,12.624,4.271,0.199,0.000,NO_SAFE_TRAJECTORY,0.0,80.0,0.0,10.0,0.0,22.6445,0.317613,0.317613
58.31,12.624,4.271,0.199,0.000,NO_SAFE_TRAJECTORY,0.0,80.0,0.0,10.0,0.0,18.327167,0.317616,0.317616
58.42,12.624,4.271,0.199,0.000,NO_SAFE_TRAJECTORY,0.0,80.0,0.0,10.0,0.0,18.515,0.317622,0.317622
58.53,12.624,4.271,0.199,0.000,NO_SAFE_TRAJECTORY,0.0,80.0,0.0,10.0,0.0,25.74125,0.317615,0.317615
58.64,12.624,4.271,0.199,0.000,NO_SAFE_TRAJECTORY,0.0,80.0,0.0,10.0,0.0,18.115292,0.317613,0.317613
58.72,12.624,4.271,0.199,0.000,NO_SAFE_TRAJECTORY,0.0,80.0,0.0,10.0,0.0,24.06225,0.317615,0.317615
58.83,12.624,4.271,0.199,0.000,NO_SAFE_TRAJECTORY,0.0,80.0,0.0,10.0,0.0,16.921209,0.317623,0.317623
58.92,12.624,4.271,0.199,0.000,NO_SAFE_TRAJECTORY,0.0,80.0,0.0,10.0,0.0,19.478416,0.317616,0.317616
59.02,12.624,4.271,0.199,0.000,NO_SAFE_TRAJECTORY,0.0,80.0,0.0,10.0,0.0,18.950667,0.317619,0.317619
59.13,12.624,4.271,0.199,0.000,NO_SAFE_TRAJECTORY,0.0,80.0,0.0,10.0,0.0,33.504667,0.317621,0.317621
59.22,12.624,4.271,0.199,0.000,NO_SAFE_TRAJECTORY,0.0,80.0,0.0,10.0,0.0,21.975542,0.317618,0.317618
59.35,12.624,4.271,0.199,0.000,NO_SAFE_TRAJECTORY,0.0,80.0,0.0,10.0,0.0,53.5785,0.317612,0.317612
59.41,12.624,4.271,0.199,0.000,NO_SAFE_TRAJECTORY,0.0,80.0,0.0,10.0,0.0,18.031209,0.317615,0.317615
59.57,12.624,4.271,0.199,0.000,NO_SAFE_TRAJECTORY,0.0,80.0,0.0,10.0,0.0,68.474583,0.317619,0.317619
59.63,12.624,4.271,0.199,0.000,NO_SAFE_TRAJECTORY,0.0,80.0,0.0,10.0,0.0,36.68825,0.317622,0.317622
59.71,12.624,4.271,0.199,0.000,NO_SAFE_TRAJECTORY,0.0,80.0,0.0,10.0,0.0,19.097791,0.317615,0.317615
59.82,12.624,4.271,0.199,0.000,NO_SAFE_TRAJECTORY,0.0,80.0,0.0,10.0,0.0,19.357167,0.317618,0.317618
59.92,12.624,4.271,0.199,0.000,NO_SAFE_TRAJECTORY,0.0,80.0,0.0,10.0,0.0,20.573792,0.317615,0.317615
60.05,12.624,4.271,0.199,0.000,NO_SAFE_TRAJECTORY,0.0,80.0,0.0,10.0,0.0,53.4595,0.317618,0.317618
