scenario,variant,run,seed,success,terminal_reason,time_s,performance_mode,time_to_goal_s,path_m,path_efficiency,min_clearance_m,cte_rms_m,cte_p95_m,peak_xy_speed_m_s,peak_accel_m_s2,compute_p50_ms,compute_p95_ms,compute_p99_ms,compute_max_ms,deadline_misses,min_safe_samples,ess_min,collision,median_safe_samples,ess_median,best_feasible_cost_min,best_feasible_cost_median,no_safe_trajectory_events,disconnected_events,stale_command_events,late_command_accepted,stale_command_violations,setpoint_while_disarmed,setpoint_in_wrong_mode,replan_latency_ms,replan_to_command_ms
S01,base,1,7,true,observed local mode GOAL_REACHED,13.2733,true,13.2732,35.1513,0.851491,4.84139,1.2732,2.8251,6.18576,3.47029,4.45162,5.40501,5.87545,6.01487,0,80,1,false,80,1,-113191,-49924,0,0,0,0,0,0,0,,
S01,base,2,17,true,observed local mode GOAL_REACHED,15.3519,true,15.3517,34.6813,0.870733,4.79025,0.402094,0.856607,6.51859,2.96847,4.32292,5.22042,5.64446,31.0243,0,80,1,false,80,1,-115204,-43169.4,0,0,0,0,0,0,0,,
S01,base,3,27,true,observed local mode GOAL_REACHED,11.3234,true,11.3233,32.5412,0.918807,4.59852,0.477749,0.861381,6.866,3.26601,7.13604,8.411,8.54044,8.71983,0,80,1,false,80,1,-115178,-48178.4,0,0,0,0,0,0,0,,
S01,base,4,37,true,observed local mode GOAL_REACHED,11.3002,true,11.3,31.308,0.967371,4.27554,0.301875,0.530968,7.69616,4.66533,13.6598,20.3961,36.5722,48.313,0,80,1,false,80,1,-121421,-47771.4,0,0,0,0,0,0,0,,
S01,base,5,47,true,observed local mode GOAL_REACHED,12.6116,true,12.6114,35.4166,0.855662,4.77,1.45766,3.22634,7.41092,3.77596,10.7427,15.0198,21.4,23.2795,0,80,1,false,80,1,-106254,-47867.6,0,0,0,0,0,0,0,,
S01,base,6,57,true,observed local mode GOAL_REACHED,12.7496,true,12.7493,40.8351,0.730356,4.8034,2.54031,4.92002,8.32424,4.70385,12.789,17.5997,19.667,31.6351,0,80,1,false,80,1,-104268,-3886.92,0,0,0,0,0,0,0,,
S01,base,7,67,true,observed local mode GOAL_REACHED,13.7383,true,13.7382,33.1438,0.898934,4.71525,0.556181,1.1111,6.79256,3.57168,9.24512,13.1704,15.143,17.0711,0,80,1,false,80,1,-117726,-51376.1,0,0,0,0,0,0,0,,
S01,base,8,77,true,observed local mode GOAL_REACHED,22.6037,true,22.6035,32.1724,0.932856,4.59499,0.271407,0.563249,4.29662,78.1689,10.0701,13.9647,24.3859,26.9559,2,80,1,false,80,1,-90438.3,-56632.9,0,14,42,0,0,0,0,,
S01,base,9,87,true,observed local mode GOAL_REACHED,13.3234,true,13.3232,30.9004,0.977694,4.63785,0.270447,0.48478,6.43003,101.617,15.2705,30.7206,48.6396,57.6091,2,80,1,false,80,1,-123704,-53040.5,0,0,15,0,0,0,0,,
S01,base,10,97,true,observed local mode GOAL_REACHED,17.6965,true,17.6963,35.4267,0.858882,4.60887,0.466241,1.11125,5.98495,43.7356,6.08938,10.9022,28.781,61.7267,0,80,1,false,80,1,-117933,-34395.7,0,0,0,0,0,0,0,,
S02,base,1,7,true,observed local mode GOAL_REACHED,36.818,true,36.8178,40.9789,0.731638,1.16773,2.72185,6.28255,4.16458,777.837,17.6229,37.6825,63.9358,85.6533,3,0,0,false,80,1,-62849.4,-5180.16,8,76,146,0,0,0,0,,
S02,base,2,17,true,observed local mode GOAL_REACHED,14.3943,true,14.3941,40.9442,0.725602,0.092179,2.18488,4.85362,5.90799,4.10663,7.435,11.7285,43.8663,78.9272,0,0,0,false,80,1,-75605.4,-3149.91,26,0,50,0,0,0,0,,
S02,base,3,27,true,observed local mode GOAL_REACHED,12.4067,true,12.4066,42.0234,0.705656,0.038929,2.73618,5.69579,6.56844,3.19396,10.1502,16.2817,17.4618,17.8421,0,0,0,false,80,1,-85374.7,278.355,23,0,42,0,0,0,0,,
S02,base,4,37,true,observed local mode GOAL_REACHED,12.2615,true,12.2614,35.5138,0.847022,1.27365,1.36894,3.14708,6.73815,2.85167,8.83837,14.5874,16.4352,28.1661,0,0,0,false,80,1,-78081.4,-12268.6,6,0,8,0,0,0,0,,
S02,base,5,47,true,observed local mode GOAL_REACHED,14.6635,true,14.6634,36.4351,0.818045,1.04496,1.16516,2.91097,6.61156,3.73101,7.787,10.5747,12.8456,13.0666,0,0,0,false,80,1,-78876.5,-7374.05,6,0,10,0,0,0,0,,
S02,base,6,57,true,observed local mode GOAL_REACHED,11.5143,true,11.5142,38.5454,0.78435,0.03306,2.1302,4.88382,6.16633,4.6221,9.79825,14.6785,15.0511,15.907,0,0,0,false,80,1,-90627.7,-905.632,27,0,50,0,0,0,0,,
S02,base,7,67,true,observed local mode GOAL_REACHED,12.7385,true,12.7383,42.1742,0.714679,0.595617,2.34779,5.09261,6.46106,3.29983,12.176,18.9183,20.3682,21.8278,0,0,0,false,80,1,-76173,8451.91,19,0,36,0,0,0,0,,
S02,base,8,77,true,observed local mode GOAL_REACHED,12.3224,true,12.3216,42.6878,0.700298,0.481546,2.56992,4.9444,6.41246,4.22332,9.95112,17.1107,18.8884,21.0004,0,0,0,false,80,1,-75379.9,6656.58,21,0,38,0,0,0,0,,
S02,base,9,87,false,scenario timeout,60.0993,true,,147.24,0.205114,0.007072,3.86126,7.85244,6.60018,133.29,13.833,23.5314,26.0746,34.8094,0,0,0,false,80,1,-87214.2,52651.9,70,0,126,0,0,0,0,,
S02,base,10,97,true,observed local mode GOAL_REACHED,13.256,true,13.2559,34.469,0.87043,1.29853,0.850153,1.89194,6.69327,4.19512,8.95827,16.7778,18.4293,19.4051,0,0,0,false,80,1,-86425.1,-21982,7,0,10,0,0,0,0,,
S03,base,1,7,true,observed local mode GOAL_REACHED,8.83378,true,8.83369,22.0469,0.743441,1.50243,0.505549,1.21623,3.88276,3.30808,18.1239,19.9281,20.8685,21.0917,0,7,1,false,77,1,-53191.7,-33495.9,0,0,0,0,0,0,0,,
S03,base,2,17,false,scenario timeout,60.0983,true,,53.8052,0.298914,0.009848,2.43182,5.68471,9.19194,131.575,28.5608,39.5976,51.4018,60.7243,0,0,0,false,0,0,-48759,12641.4,402,0,794,0,0,0,0,,
S03,base,3,27,false,scenario timeout,60.0991,true,,25.0943,0.609172,0.033593,4.99878,5.32635,7.69444,113.553,28.4563,53.3964,84.896,97.6784,25,0,0,false,0,0,-45777.2,-36580.6,513,31,102,0,0,0,0,,
S03,base,4,37,true,observed local mode GOAL_REACHED,10.5695,true,10.5694,23.0533,0.706914,1.50417,0.310639,0.556425,4.26968,3.76971,18.0584,19.9524,24.061,43.2305,0,5,1,false,79,1,-52169.4,-28359,0,0,0,0,0,0,0,,
S03,base,5,47,true,observed local mode GOAL_REACHED,12.5003,true,12.5003,32.4866,0.500571,0.372359,2.30788,5.09895,4.48349,3.67927,14.4913,17.4336,18.4048,18.6749,0,0,0,false,71,1,-60538.9,9076.49,23,0,38,0,0,0,0,,
S03,base,6,57,true,observed local mode GOAL_REACHED,15.6509,true,15.6509,28.4662,0.578589,0.117725,0.853736,2.07312,3.94587,3.75168,15.1896,17.4841,17.7015,18.0286,0,0,0,false,66,1,-45781.7,4497.08,48,0,92,0,0,0,0,,
S03,base,7,67,false,scenario timeout,60.0992,true,,19.2753,0.746539,0.009075,5.30682,5.59839,6.65321,61.1776,16.3826,30.1838,43.6016,99.6978,1,0,0,false,0,0,-44241.5,-31571.5,566,0,111,0,0,0,0,,
S03,base,8,77,true,observed local mode GOAL_REACHED,8.65295,true,8.65228,20.9698,0.785447,1.34971,0.413364,0.871084,4.09735,4.33968,25.3184,29.5357,37.5452,50.7435,0,0,0,false,78,1,-44778.6,-31864,5,0,6,0,0,0,0,,
S03,base,9,87,true,observed local mode GOAL_REACHED,9.96373,true,9.96363,21.4509,0.778295,1.52363,0.267551,0.496787,4.05581,2.89401,19.6901,22.4993,25.773,26.1458,0,6,1,false,79,1,-48764.5,-31464.1,0,0,0,0,0,0,0,,
S03,base,10,97,true,observed local mode GOAL_REACHED,10.6796,true,10.6794,22.7379,0.716026,1.50383,0.499029,0.839146,3.93149,119.838,26.7215,37.0008,40.3166,41.0364,0,10,1,false,79,1,-48060.5,-30457.9,0,0,0,0,0,0,0,,
S04,base,1,7,true,observed local mode GOAL_REACHED,11.7541,true,11.754,37.2077,0.814759,1.50169,0.835878,1.54476,6.82139,3.65249,6.49358,7.76312,8.25308,8.59521,0,36,1,false,80,1,-71711.3,-29949.9,0,0,0,0,0,0,0,,
S04,base,2,17,true,observed local mode GOAL_REACHED,13.199,true,13.1989,38.159,0.785342,1.502,1.00873,1.84863,6.27774,3.37816,6.84462,8.14104,8.38928,9.35725,0,24,1,false,80,1,-73549.7,-26796.4,0,0,0,0,0,0,0,,
S04,base,3,27,true,observed local mode GOAL_REACHED,14.0135,true,14.0134,38.1396,0.788554,0.338397,0.909711,1.43878,4.78052,3.98258,7.01179,10.6406,24.4027,42.2756,0,0,0,false,79.5,1,-92921.5,-14170,33,0,54,0,0,0,0,,
S04,base,4,37,true,observed local mode GOAL_REACHED,15.1554,true,15.1553,39.3598,0.767791,1.50146,0.843097,1.70692,6.92901,3.71598,10.9087,15.9929,25.8753,73.9306,0,19,1,false,80,1,-78164.8,-9817.45,0,0,0,0,0,0,0,,
S04,base,5,47,true,observed local mode GOAL_REACHED,11.9765,true,11.9764,36.2594,0.836225,1.5015,0.57374,1.06246,6.73224,4.75612,7.43213,8.57828,8.89805,9.08871,0,30,1,false,80,1,-103919,-35805.2,0,0,0,0,0,0,0,,
S04,base,6,57,true,observed local mode GOAL_REACHED,14.4848,true,14.4846,37.3221,0.808938,0.054618,1.25761,2.03145,4.28231,3.48972,8.97342,12.2554,14.6389,18.2338,0,0,0,false,80,1,-89959.9,-29282.6,32,0,56,0,0,0,0,,
S04,base,7,67,true,observed local mode GOAL_REACHED,16.2786,true,16.2785,40.9499,0.729962,1.50071,0.659763,1.2692,7.25426,2.89533,6.06302,8.04596,8.55459,9.25437,0,41,1,false,80,1,-107046,-3879.26,0,0,0,0,0,0,0,,
S04,base,8,77,true,observed local mode GOAL_REACHED,14.2865,true,14.2865,41.9256,0.708077,1.50194,1.00441,2.25661,7.18985,3.24347,6.22948,8.37591,9.05027,9.79825,0,20,1,false,80,1,-95695.7,-5154.65,0,0,0,0,0,0,0,,
S04,base,9,87,true,observed local mode GOAL_REACHED,22.852,true,22.8518,47.65,0.619735,0.719892,1.11614,2.29542,5.60219,3.36869,5.72869,7.79119,8.84628,10.119,0,0,0,false,80,1,-101915,-4061.58,16,0,22,0,0,0,0,,
S04,base,10,97,true,observed local mode GOAL_REACHED,15.1463,true,15.1463,38.5436,0.789129,1.50312,0.5572,1.09105,6.40608,3.35124,7.47675,10.2201,10.5245,10.5955,0,41,1,false,80,1,-98948.9,-11263.6,0,0,0,0,0,0,0,,
S05,base,1,7,false,scenario timeout,75.0003,true,,30.5679,0.575936,0.027031,5.5377,6.56706,8.74078,83.4103,7.96733,21.7136,29.6878,30.7402,0,0,0,false,0,0,-66648.5,-53047.6,255,910,304,0,0,0,0,,
S05,base,2,17,true,observed local mode GOAL_REACHED,17.7889,true,17.7887,43.6097,0.60152,0.010424,2.00833,4.44673,6.15221,38.6286,11.023,21.1103,25.6809,27.9988,0,0,0,false,80,1,-74080.6,-2411.11,43,8,84,0,0,0,0,,
S05,base,3,27,true,observed local mode GOAL_REACHED,13.067,true,13.0662,30.5669,0.861336,0.062284,2.16184,5.04071,5.16454,2.9465,6.44604,8.8042,11.2641,11.6836,0,0,0,false,80,1,-65928.6,-3701.53,32,0,58,0,0,0,0,,
S05,base,4,37,false,scenario timeout,75.0995,true,,131.383,0.218816,0.005037,7.05164,11.4838,8.40034,67.2828,8.67181,16.5364,20.5593,22.3744,0,0,0,false,80,1,-66260,633010,246,0,428,0,0,0,0,,
S05,base,5,47,true,observed local mode GOAL_REACHED,11.645,true,11.6449,31.1697,0.845176,1.50748,0.516882,1.05469,5.31179,2.9185,8.1235,10.0841,10.602,10.7632,0,5,1,false,80,1,-65694.5,-44721.9,0,0,0,0,0,0,0,,
S05,base,6,57,true,observed local mode GOAL_REACHED,15.9813,true,15.9812,32.4518,0.799148,0.842662,0.581271,1.12598,5.45915,4.66112,11.3327,39.5221,71.3102,93.4419,2,0,0,false,80,1,-65878.4,-33059.4,4,0,7,0,0,0,0,,
S05,base,7,67,true,observed local mode GOAL_REACHED,15.3207,true,15.3206,43.3275,0.594568,0.466617,3.46596,7.89138,6.12,39.8469,6.64154,9.8834,12.6751,79.269,0,0,0,false,80,1,-70271.7,-6084.81,25,0,46,0,0,0,0,,
S05,base,8,77,true,observed local mode GOAL_REACHED,22.3377,true,22.3375,39.8218,0.659744,1.15817,0.978344,2.65889,5.26629,4.03516,6.58675,10.1226,11.0756,11.2567,0,0,0,false,80,1,-70546.9,-7523.6,8,0,12,0,0,0,0,,
S05,base,9,87,false,scenario timeout,75.0954,true,,94.3764,0.125943,0.00492,5.12396,6.91517,8.16477,290.409,13.0992,18.5119,20.6288,46.2067,0,0,0,false,0,0,-65530.5,90573.7,491,0,228,0,0,0,0,,
S05,base,10,97,true,observed local mode GOAL_REACHED,12.9798,true,12.9797,36.3361,0.716139,1.08521,1.55373,3.60558,5.52971,3.71721,6.97858,8.71569,9.17903,9.21396,0,0,0,false,80,1,-65226.6,-4206.35,14,0,24,0,0,0,0,,
S06,base,1,7,true,observed local mode GOAL_REACHED,30.1204,true,30.1203,159.735,0.938618,4.00349,3.7522,5.61641,9.5924,3.91473,8.4595,11.1007,11.3977,13.9578,0,80,1,false,80,1,-136401,-46979.8,0,0,0,0,0,0,0,,
S06,base,2,17,true,observed local mode GOAL_REACHED,27.582,true,27.5818,158.871,0.941385,4.79305,1.01,3.08403,9.99434,3.62709,9.84527,20.4716,25.2108,26.8359,1,80,1,false,80,1,-153140,-118311,0,0,0,0,0,0,0,,
S06,base,3,27,true,observed local mode GOAL_REACHED,24.4556,true,24.4555,153.398,0.979878,4.74574,0.460596,1.18414,10.0035,3.03007,7.64127,8.88809,9.16178,9.23358,0,80,1,false,80,1,-152224,-129018,0,0,0,0,0,0,0,,
S06,base,4,37,true,observed local mode GOAL_REACHED,22.9269,true,22.9268,152.693,0.98502,4.29472,0.49299,0.950438,10.0061,3.30666,7.27246,11.0394,13.1161,14.7232,0,80,1,false,80,1,-152736,-131430,0,0,0,0,0,0,0,,
S06,base,5,47,true,observed local mode GOAL_REACHED,26.0013,true,26.0012,155.367,0.965514,4.61564,1.31391,1.7884,10.0047,3.40459,7.94004,10.6318,14.0462,31.6344,0,80,1,false,80,1,-148499,-117071,0,0,0,0,0,0,0,,
S06,base,6,57,true,observed local mode GOAL_REACHED,26.3609,true,26.3607,156.196,0.959313,4.61801,0.721322,2.23754,10.0043,4.23164,13.1909,25.4778,40.112,78.7899,2,80,1,false,80,1,-152896,-127645,0,0,2,0,0,0,0,,
S06,base,7,67,true,observed local mode GOAL_REACHED,27.1077,true,27.1074,155.688,0.964717,4.16514,2.99093,4.41357,9.90617,3.58004,16.4489,26.5766,43.5718,57.2385,1,80,1,false,80,1,-137647,-86062.4,0,0,0,0,0,0,0,,
S06,base,8,77,true,observed local mode GOAL_REACHED,24.667,true,24.6669,153.777,0.978112,4.17227,1.64899,2.25752,10.0013,81.2453,11.0747,13.3816,16.5612,38.2156,0,80,1,false,80,1,-145273,-118356,0,0,0,0,0,0,0,,
S06,base,9,87,true,observed local mode GOAL_REACHED,24.2754,true,24.2752,152.371,0.986579,4.5235,0.624698,0.841643,10.0053,2.99376,10.5558,12.5475,18.2538,53.5252,0,80,1,false,80,1,-152716,-131416,0,0,0,0,0,0,0,,
S06,base,10,97,true,observed local mode GOAL_REACHED,27.6505,true,27.6503,156.475,0.958736,3.79719,0.770563,2.20969,10.0032,53.8935,15.6511,23.6793,36.21,83.4161,2,80,1,false,80,1,-151341,-117366,0,0,5,0,0,0,0,,
S07,base,1,7,true,observed global status NO_PATH,0.0996252,true,,0,,,,,0.0112239,,,,,,0,,,false,,,,,0,0,0,0,0,0,0,,
S07,base,2,17,true,observed global status NO_PATH,0.096511,true,,0,,,,,0.00992561,,,,,,0,,,false,,,,,0,0,0,0,0,0,0,,
S07,base,3,27,true,observed global status NO_PATH,0.0993186,true,,0.000453821,0.94387,,,,0.00316093,0.784034,,,,,0,,,false,,,,,0,0,0,0,0,0,0,,
S07,base,4,37,true,observed global status NO_PATH,0.0999365,true,,0,,,,,0.00986673,,,,,,0,,,false,,,,,0,0,0,0,0,0,0,,
S07,base,5,47,true,observed global status NO_PATH,0.098146,true,,0,,,,,0.00662098,,,,,,0,,,false,,,,,0,0,0,0,0,0,0,,
S08,base,1,7,true,observed local mode GOAL_REACHED,14.9917,true,14.9916,48.2198,0.787694,4.56389,1.24778,3.17574,8.61714,3.50761,8.67613,12.3595,18.7742,81.6496,0,80,1,false,80,1,-126262,-50720.2,0,0,0,0,0,0,0,6.74421,89.9762
S08,base,2,17,false,scenario timeout,60.0995,true,,0.0171621,0.978464,4.67278,0.277645,0.295214,0.0757137,8.58088,13.0282,34.6112,71.3374,84.6189,6,80,1,false,80,1,-65717.9,-56471.4,0,123,3,0,0,0,0,,
S08,base,3,27,true,observed local mode GOAL_REACHED,13.8784,true,13.8783,51.424,0.739507,4.58483,3.7055,7.51768,8.43352,162.898,6.99121,9.74374,11.2086,11.9095,0,80,1,false,80,1,-127227,21.6267,0,0,0,0,0,0,0,6.16725,92.5955
S08,base,4,37,false,vehicle did not become flight-ready within 180 s,180.039,true,,0.134409,0.982152,,,,0.0702675,2.38674,,,,,0,,,false,,,,,0,355,0,0,0,0,0,,
S08,base,5,47,true,observed local mode GOAL_REACHED,13.127,true,13.127,42.3008,0.907763,4.69652,0.892444,2.30692,7.83686,26.9125,6.66263,8.59137,13.4735,24.4373,0,80,1,false,80,1,-118769,-55180.3,0,0,2,0,0,0,0,10.1104,22.6225
S08,base,6,57,true,observed local mode GOAL_REACHED,16.3378,true,16.3377,50.4447,0.749651,4.57827,3.01178,6.58024,8.10385,15.9954,7.36525,12.3981,30.577,61.4612,1,80,1,false,80,1,-128361,-2593.73,0,0,3,0,0,0,0,7.06987,39.2478
S08,base,7,67,false,scenario timeout,60.0685,true,,0.271724,0.0363206,4.55778,0.194323,0.199895,0.0170819,2.2416,10.7203,22.8061,62.4694,93.9257,4,80,1,false,80,1,-59314.4,-56563.4,0,140,31,0,0,0,0,142.535,4725.57
S08,base,8,77,true,observed local mode GOAL_REACHED,21.2009,true,21.2008,57.7607,0.655875,4.64185,4.06087,9.07389,7.87358,3.23307,6.7396,9.51152,26.1549,36.4179,1,80,1,false,80,1,-130047,-1955.84,0,0,4,0,0,0,0,10.664,0.485625
S08,base,9,87,true,observed local mode GOAL_REACHED,12.8621,true,12.862,47.7187,0.801888,4.52871,3.50744,7.55531,7.08119,3.84637,7.72113,10.5335,10.6973,10.7521,0,80,1,false,80,1,-137357,-1214.46,0,0,0,0,0,0,0,6.32933,61.298
S08,base,10,97,true,observed local mode GOAL_REACHED,23.7634,true,23.7633,53.4177,0.717728,4.03635,0.8312,1.57434,8.52487,4.0253,7.01262,9.3987,13.7501,18.0598,0,80,1,false,80,1,-111190,-6638.48,0,0,0,0,0,0,0,6.49662,62.1729
S09,no_safe_trajectory,1,7,true,observed local mode NO_SAFE_TRAJECTORY,0.0820297,true,,0,,20.4789,0.184564,0.184564,0.00673403,,5.02233,5.02233,5.02233,5.02233,0,0,0,false,0,0,,,1,0,0,0,0,0,0,,
S09,no_safe_trajectory,2,17,true,observed local mode NO_SAFE_TRAJECTORY,0.104016,true,,0.00117034,1,20.432,0.184385,0.184385,0.0106472,0.0302128,5.64479,5.64479,5.64479,5.64479,0,0,0,false,0,0,,,1,0,0,0,0,0,0,,
S09,no_safe_trajectory,3,27,true,observed local mode NO_SAFE_TRAJECTORY,0.0221952,true,,0,,20.4658,0.184166,0.184166,0.00953592,,4.31337,4.31337,4.31337,4.31337,0,0,0,false,0,0,,,1,0,0,0,0,0,0,,
S09,no_safe_trajectory,4,37,true,observed local mode NO_SAFE_TRAJECTORY,0.0519261,true,,0,,20.4598,0.184986,0.184986,0.00574282,,4.13921,4.13921,4.13921,4.13921,0,0,0,false,0,0,,,1,0,0,0,0,0,0,,
S09,no_safe_trajectory,5,47,true,observed local mode NO_SAFE_TRAJECTORY,0.0986807,true,,0,,20.4803,0.184124,0.184124,0.00838755,,4.28817,4.28817,4.28817,4.28817,0,0,0,false,0,0,,,1,0,0,0,0,0,0,,
S09,planner_deadline,1,7,true,observed local mode PLANNER_TIMEOUT,0.0709054,true,,0,,,,,0.00919159,,,,,,1,,,false,,,,,0,0,0,0,0,0,0,,
S09,planner_deadline,2,17,true,observed local mode PLANNER_TIMEOUT,0.0372773,true,,0,,,,,0.00941351,,,,,,1,,,false,,,,,0,0,0,0,0,0,0,,
S09,planner_deadline,3,27,true,observed local mode PLANNER_TIMEOUT,0.107541,true,,0.00110272,1,,,,0.00957476,0.0342566,,,,,1,,,false,,,,,0,0,0,0,0,0,0,,
S09,planner_deadline,4,37,true,observed local mode PLANNER_TIMEOUT,0.0519887,true,,0,,,,,0.00624753,,,,,,1,,,false,,,,,0,0,0,0,0,0,0,,
S09,planner_deadline,5,47,true,observed local mode PLANNER_TIMEOUT,0.0312079,true,,0,,,,,0.00647541,,,,,,1,,,false,,,,,0,0,0,0,0,0,0,,
S09,stale_obstacle,1,7,true,observed local mode HOLD_STALE,6.11202,true,,13.2259,0.981943,4.75584,0.238204,0.377027,6.56247,2.98107,4.269,5.28229,5.32511,5.34046,0,80,1,false,80,1,-112056,-72111.3,0,0,0,0,0,0,0,,
S09,stale_obstacle,2,17,true,observed local mode HOLD_STALE,6.0252,true,,13.138,0.982243,4.86109,0.213267,0.33733,5.79898,2.89629,4.62446,5.75985,5.80066,5.81479,0,80,1,false,80,1,-113652,-79197.9,0,0,0,0,0,0,0,,
S09,stale_obstacle,3,27,true,observed local mode HOLD_STALE,6.14448,true,,19.7538,0.990999,4.79513,0.452142,0.782774,6.16223,128.7,4.86196,5.70075,5.9376,6.09617,0,80,1,false,80,1,-110123,-87779.8,0,0,8,0,0,0,0,,
S09,stale_obstacle,4,37,false,vehicle did not become flight-ready within 180 s,202.576,true,,0,,,,,0,0,,,,,0,,,false,,,,,0,430,0,0,0,0,0,,
S09,stale_obstacle,5,47,false,missing run_result,89.8241,true,,0,,,,,0,0,,,,,0,,,false,,,,,0,502,0,0,0,0,0,,
S09,stale_odometry,1,7,true,observed local mode HOLD_STALE,6.1317,true,,7.68575,0.970364,4.87507,0.225468,0.365023,5.35146,4.67817,6.94208,9.42508,9.8348,9.86925,0,80,1,false,80,1,-110514,-71977.4,0,0,0,0,0,0,0,,
S09,stale_odometry,2,17,true,observed local mode HOLD_STALE,6.24683,true,,8.71839,0.973814,4.85656,0.217948,0.341048,5.11742,20.2522,8.12492,10.8528,10.942,10.959,0,80,1,false,80,1,-116878,-78410.7,0,0,2,0,0,0,0,,
S09,stale_odometry,3,27,true,observed local mode HOLD_STALE,6.09825,true,,14.1979,0.989472,4.74117,0.537784,0.807739,6.26599,3.20809,5.81008,9.48635,16.7836,26.0912,0,80,1,false,80,1,-118059,-84533,0,0,0,0,0,0,0,,
S09,stale_odometry,4,37,true,observed local mode HOLD_STALE,6.02538,true,,14.5833,0.996302,4.258,0.183833,0.286743,5.59889,2.98029,4.48346,5.4477,5.6179,5.693,0,80,1,false,80,1,-120014,-88775.8,0,0,0,0,0,0,0,,
S09,stale_odometry,5,47,true,observed local mode HOLD_STALE,6.156,true,,9.01712,0.97519,4.87979,0.188211,0.331059,5.0709,2.97443,4.22208,5.22821,5.34853,5.34883,0,80,1,false,80,1,-118104,-83250,0,0,0,0,0,0,0,,
S10,disarm,1,7,true,observed adapter state CONNECTED_NOT_READY,7.3033,true,,21.3061,0.931274,0.999425,1.06348,2.54701,6.33835,125.634,6.93479,11.4191,15.2319,15.241,0,0,0,false,80,1,-112313,-62782,1,0,0,0,0,0,0,,
S10,disarm,2,17,true,observed adapter state CONNECTED_NOT_READY,6.29914,true,,14.3485,0.978255,4.29103,0.209086,0.336827,5.15832,55.8906,6.08662,6.94168,7.72016,8.60562,0,80,1,false,80,1,-113569,-79166.2,0,0,0,0,0,0,0,,
S10,disarm,3,27,true,observed adapter state CONNECTED_NOT_READY,6.30263,true,,21.8026,0.989572,4.73113,0.571229,1.22078,6.25902,216.062,7.01633,9.02535,10.0877,10.3605,0,80,1,false,80,1,-109845,-85418.7,0,0,0,0,0,0,0,,
S10,disarm,4,37,false,vehicle did not become flight-ready within 180 s,180.059,true,,5.97786,0.835582,,,,0.12334,2.47349,,,,,0,,,false,,,,,0,3492,0,0,0,0,0,,
S10,disarm,5,47,true,observed adapter state CONNECTED_NOT_READY,6.20059,true,,15.4529,0.984426,4.68045,0.192295,0.336791,6.57709,115.352,6.57263,7.40704,9.37144,11.5027,0,80,1,false,80,1,-112111,-80839.3,0,0,0,0,0,0,0,,
S10,fcu_disconnect,1,7,true,observed adapter state DISCONNECTED,6.39924,true,,12.9143,0.98164,4.62762,0.227422,0.371709,5.17945,3.00436,4.32433,5.477,5.5286,5.53217,0,80,1,false,80,1,-108172,-70249.9,0,1,0,0,0,0,0,,
S10,fcu_disconnect,2,17,true,observed adapter state DISCONNECTED,7.29975,true,,19.4607,0.988482,4.86078,0.242511,0.417515,5.61802,28.1639,4.36471,5.61679,5.83608,6.08646,0,80,1,false,80,1,-115050,-76441.3,0,2,6,0,0,0,0,,
S10,fcu_disconnect,3,27,true,observed adapter state DISCONNECTED,6.30006,true,,23.4767,0.993305,4.59268,0.328233,0.427533,7.38244,2.87997,4.56288,5.50132,5.55037,5.61617,0,80,1,false,80,1,-113189,-86309,0,1,0,0,0,0,0,,
S10,fcu_disconnect,4,37,true,observed adapter state DISCONNECTED,6.39837,true,,24.6771,0.997177,4.26032,0.204862,0.316408,6.84655,3.01509,4.85235,6.16767,6.28762,6.30308,0,80,1,false,80,1,-116507,-83629,0,2,0,0,0,0,0,,
S10,fcu_disconnect,5,47,true,observed adapter state DISCONNECTED,7.19917,true,,19.0766,0.9875,4.55123,0.192536,0.322583,5.85225,3.05567,5.71525,7.26952,7.32073,7.34762,0,80,1,false,80,1,-114426,-79452.1,0,1,0,0,0,0,0,,
S10,local_planner_death,1,7,true,observed adapter state STALE_COMMAND,5.4002,true,,6.31371,0.961616,5.01377,0.252598,0.387875,5.06271,2.91872,5.96417,7.02556,7.07715,7.11217,0,80,1,false,80,1,-110088,-56189.5,0,0,1,0,0,0,0,,
S10,local_planner_death,2,17,true,observed adapter state STALE_COMMAND,5.49996,true,,8.39163,0.965328,4.65964,0.286705,0.490524,5.28711,3.50396,5.35175,6.65931,6.86244,6.88733,0,80,1,false,80,1,-119392,-65045.6,0,0,1,0,0,0,0,,
S10,local_planner_death,3,27,true,observed adapter state STALE_COMMAND,5.40187,true,,13.7576,0.990066,4.61871,0.313695,0.406602,5.98758,2.90448,5.6131,7.0569,7.1613,7.18321,0,80,1,false,80,1,-113403,-93260.8,0,0,1,0,0,0,0,,
S10,local_planner_death,4,37,true,observed adapter state STALE_COMMAND,5.39742,true,,15.9184,0.995856,4.2785,0.181861,0.257648,7.05891,3.05295,6.001,8.53221,8.93902,9.08975,0,80,1,false,80,1,-117590,-91810.6,0,0,1,0,0,0,0,,
S10,local_planner_death,5,47,true,observed adapter state STALE_COMMAND,5.3998,true,,7.89979,0.970448,4.52447,0.277925,0.388829,5.06045,5.33497,10.0367,11.103,12.2613,13.0241,0,80,1,false,80,1,-114680,-61986.5,0,0,1,0,0,0,0,,
S10,wrong_mode,1,7,true,observed adapter state CONNECTED_NOT_READY,6.19953,true,,11.8777,0.979175,4.81673,0.234285,0.380194,5.56495,112.379,7.02929,10.3527,10.6569,10.6644,0,80,1,false,80,1,-121523,-71728,0,0,6,0,0,0,0,,
S10,wrong_mode,2,17,true,observed adapter state CONNECTED_NOT_READY,6.19926,true,,22.5212,0.994766,4.82964,0.267798,0.412342,7.1342,197.04,7.84777,10.571,11.5956,11.8727,0,80,1,false,80,1,-123203,-76552.8,0,0,0,0,0,0,0,,
S10,wrong_mode,3,27,true,observed adapter state CONNECTED_NOT_READY,6.19949,true,,20.1003,0.99133,4.74066,0.388511,0.523566,5.94078,141.31,5.48267,7.18989,7.25043,7.26354,0,80,1,false,80,1,-109068,-84869.8,0,0,0,0,0,0,0,,
S10,wrong_mode,4,37,true,observed adapter state CONNECTED_NOT_READY,6.29991,true,,23.7058,0.995678,4.23588,0.254398,0.572413,6.89411,213.985,5.80156,6.79992,10.398,15.7077,0,80,1,false,80,1,-117721,-84722.2,0,0,0,0,0,0,0,,
S10,wrong_mode,5,47,true,observed adapter state CONNECTED_NOT_READY,6.89985,true,,19.0886,0.987709,4.58665,0.235324,0.399776,6.09952,47.7361,5.50563,7.20448,28.7057,70.1508,0,80,1,false,80,1,-120802,-77252.2,0,0,1,0,0,0,0,,
