scenario,variant,run,seed,success,terminal_reason,n_cycles,n_planner_cycles,time_to_goal_s,peak_xy_speed_m_s,min_N_safe,no_safe_cycles,first_no_safe_elapsed_s,speed_at_collapse_m_s,heading_error_at_collapse_rad,curvature_at_collapse_per_m,stopping_distance_at_collapse_m,min_collision_clearance_m,min_stopping_clearance_m,reject_dominant_at_collapse,reject_non_finite_total,reject_swept_collision_total,reject_static_collision_total,reject_dynamic_collision_total,reject_stopping_distance_total,reject_other_total,gaussian_safe_at_collapse,reference_safe_at_collapse,braking_safe_at_collapse,recovery_safe_at_collapse,specific_safe_at_collapse,min_gaussian_safe,min_reference_safe,min_braking_safe,min_recovery_safe,min_specific_safe,apex_speed_xy_m_s,apex_heading_error_rad,apex_curvature_per_m,max_abs_heading_error_rad,max_scheduling_delay_ms,max_compute_ms,p99_compute_ms,planner_timeout_cycles,active_path_id_max,solves_on_active_path_max,run_dir
S03,base,1,7,true,observed local mode GOAL_REACHED,89,88,8.89895,4.21416,0,4,2.5084,4.00505,-0.298881,0,3.68134,1.28978,1.2912,reject_swept_collision,0,898,0,0,496,0,0,0,0,0,0,0,0,0,0,0,1.19595,-3.11898,3.83441,3.11898,6.87517,15.7555,15.3194,0,1,83,/tmp/m73_root_cause_10467cb_20260919/s03/run_01_seed_7
S03,base,2,7,false,scenario timeout,600,595,,5.97726,0,541,4.53377,3.4665,-1.98916,0,2.8805,0.062645,0.028192,reject_swept_collision,0,43715,0,0,628,0,0,0,0,0,0,0,0,0,0,0,3.45168,-0.369198,0.785398,1.98949,18.7977,38.8457,22.034,0,1,54,/tmp/m73_root_cause_10467cb_20260919/s03/run_02_seed_7
S03,base,3,7,false,scenario timeout,584,584,,7.19133,0,531,4.37889,3.4049,-2.1409,0,2.78801,0.012229,0.012109,reject_stopping_distance,0,42990,0,0,839,0,0,0,0,0,0,0,0,0,0,0,3.54885,-0.510247,0.785398,3.13565,22.4071,67.109,34.8019,0,1,53,/tmp/m73_root_cause_10467cb_20260919/s03/run_03_seed_7
S03,base,4,17,true,observed local mode GOAL_REACHED,111,109,10.9955,4.25466,5,0,,,,,,1.50575,1.50843,none,0,427,0,0,677,0,,,,,,2,1,0,0,1,0.929154,-2.78817,3.83111,3.12413,11.0029,31.1904,27.7141,0,1,108,/tmp/m73_root_cause_10467cb_20260919/s03/run_04_seed_17
S03,base,5,17,true,observed local mode GOAL_REACHED,161,160,16.0569,4.0562,0,30,6.19822,3.65372,-2.15422,0,3.14115,1.00261,1.00261,reject_swept_collision,0,2901,0,0,899,0,0,0,0,0,0,0,0,0,0,0,2.0049,2.79006,3.83704,3.10624,16.0608,47.525,43.8075,0,1,129,/tmp/m73_root_cause_10467cb_20260919/s03/run_05_seed_17
S03,base,6,17,true,observed local mode GOAL_REACHED,104,103,10.3965,4.0768,21,0,,,,,,1.63924,1.50574,none,0,385,0,0,893,0,,,,,,17,1,0,0,1,0.524728,2.94946,3.73281,3.00048,7.97204,39.3018,22.2009,0,1,102,/tmp/m73_root_cause_10467cb_20260919/s03/run_06_seed_17
S03,base,7,27,false,scenario timeout,600,599,,8.34322,0,559,3.4528,3.93604,-0.000918,0,3.57971,0.004252,0.001883,reject_stopping_distance,0,44710,0,0,845,0,0,0,0,0,0,0,0,0,0,0,3.96235,0.148309,0.785398,3.14159,44.6394,86.6633,46.8871,1,1,40,/tmp/m73_root_cause_10467cb_20260919/s03/run_07_seed_27
S03,base,8,27,false,,992,0,,,,0,,,,,,,,none,0,0,0,0,0,0,,,,,,,,,,,,,,,,,,0,,,/tmp/m73_root_cause_10467cb_20260919/s03/run_08_seed_27
S03,base,9,27,false,scenario timeout,599,599,,7.07758,0,544,4.6529,3.33341,-1.56352,0,2.68959,0.012251,0.009014,reject_swept_collision,0,43932,0,0,802,0,0,0,0,0,0,0,0,0,0,0,0.145773,-1.74676,1.04963,3.14156,20.2182,22.2561,21.3156,0,1,55,/tmp/m73_root_cause_10467cb_20260919/s03/run_09_seed_27
S03,base,10,37,false,scenario timeout,600,600,,8.42744,0,550,4.30194,3.05934,-1.57259,0,2.32501,0.012997,0.012663,reject_swept_collision,0,44194,0,0,506,0,0,0,0,0,0,0,0,0,0,0,0.15161,-1.84891,1.74997,3.14154,32.4133,75.181,23.7951,0,1,50,/tmp/m73_root_cause_10467cb_20260919/s03/run_10_seed_37
S03,base,11,37,true,observed local mode GOAL_REACHED,125,124,12.4466,4.02658,0,2,5.36199,2.71376,-1.90758,0.281309,1.90749,1.50305,1.26563,reject_stopping_distance,0,507,0,0,879,0,0,0,0,0,0,0,0,0,0,0,0.803176,3.0364,3.8421,3.0364,6.73379,22.6942,18.0854,0,1,121,/tmp/m73_root_cause_10467cb_20260919/s03/run_11_seed_37
S03,base,12,37,false,scenario timeout,605,599,,7.64071,0,529,2.27281,3.395,0.22948,0,2.83768,0.002622,0.016393,reject_swept_collision,0,42885,0,0,1174,0,0,0,0,0,0,0,0,0,0,0,3.81894,0.720796,0.785398,3.14124,33.495,27.0017,23.4494,0,1,70,/tmp/m73_root_cause_10467cb_20260919/s03/run_12_seed_37
S03,base,13,47,true,observed local mode GOAL_REACHED,108,107,10.7481,4.35305,0,12,6.46254,2.41909,-1.88038,0.007197,1.61276,1.38326,1.38326,reject_swept_collision,0,1347,0,0,404,0,0,0,0,0,0,0,0,0,0,0,0.917497,-3.02816,3.8287,3.02816,12.8635,23.7028,23.0528,0,1,94,/tmp/m73_root_cause_10467cb_20260919/s03/run_13_seed_47
S03,base,14,47,true,observed local mode GOAL_REACHED,155,154,15.4239,3.56516,0,50,1.64292,2.63886,-0.212643,0,1.88651,0.54287,0.431294,reject_swept_collision,0,4251,0,0,442,0,0,0,0,0,0,0,0,0,0,0,3.42309,-2.23267,3.33216,2.24428,19.9702,21.7826,20.0243,0,1,103,/tmp/m73_root_cause_10467cb_20260919/s03/run_14_seed_47
S03,base,15,47,false,scenario timeout,601,600,,9.6204,0,545,1.73301,2.28911,-0.218052,0.029096,1.5302,0.043522,0.042829,reject_swept_collision,0,43956,0,0,763,0,0,0,0,0,0,0,0,0,0,0,9.31307,2.82584,2.76806,3.141,29.0697,25.1091,18.5717,0,1,55,/tmp/m73_root_cause_10467cb_20260919/s03/run_15_seed_47
S03,base,16,57,false,scenario timeout,601,599,,8.06989,0,559,3.27312,3.68971,0.250108,0.103591,3.19144,0.008782,0.003066,reject_swept_collision,0,44958,0,0,654,0,0,0,0,0,0,0,0,0,0,0,3.71876,0.266432,0.543481,3.14158,19.6183,31.0557,28.1375,0,1,40,/tmp/m73_root_cause_10467cb_20260919/s03/run_16_seed_57
S03,base,17,57,false,scenario timeout,601,600,,7.46733,0,557,3.43992,3.99949,0.079513,0.628922,3.68217,0.006041,0.004001,reject_swept_collision,0,44791,0,0,803,0,0,0,0,0,0,0,0,0,0,0,3.95553,0.086319,0.71697,3.14156,19.0999,38.9683,32.409,0,1,43,/tmp/m73_root_cause_10467cb_20260919/s03/run_17_seed_57
S03,base,18,57,true,observed local mode GOAL_REACHED,173,170,17.2591,4.07699,0,15,5.47609,1.83725,-0.850072,0,1.04355,0.796097,0.611041,reject_swept_collision,0,1595,0,0,997,0,0,0,0,0,0,0,0,0,0,0,0.877402,-2.39883,3.8314,2.98066,7.16525,22.6524,21.4129,0,1,154,/tmp/m73_root_cause_10467cb_20260919/s03/run_18_seed_57
S03,base,19,67,true,observed local mode GOAL_REACHED,106,104,10.5127,4.04592,7,0,,,,,,1.50157,1.5034,none,0,573,0,0,518,0,,,,,,2,1,0,0,1,0.527731,2.80082,3.80113,2.80082,11.8911,28.7183,25.8883,0,1,103,/tmp/m73_root_cause_10467cb_20260919/s03/run_19_seed_67
S03,base,20,67,true,observed local mode GOAL_REACHED,154,153,15.3899,4.08437,0,33,5.93703,2.98461,-1.93464,0,2.28925,1.02758,1.02758,reject_swept_collision,0,2935,0,0,728,0,0,0,0,0,0,0,0,0,0,0,2.71008,-2.53701,3.33216,3.02189,10.9425,55.6242,53.4713,0,1,119,/tmp/m73_root_cause_10467cb_20260919/s03/run_20_seed_67
S03,base,21,67,true,observed local mode GOAL_REACHED,94,93,9.3467,4.0635,30,0,,,,,,1.50897,1.51134,none,0,331,0,0,637,0,,,,,,22,0,0,0,1,0.854823,-2.60229,3.74821,2.60229,26.6576,43.7245,42.669,0,1,92,/tmp/m73_root_cause_10467cb_20260919/s03/run_21_seed_67
S03,base,22,77,false,scenario timeout,601,601,,4.10575,0,546,5.57472,2.44027,-2.12546,0,1.60255,0.014305,0.011223,reject_swept_collision,0,43997,0,0,667,0,0,0,0,0,0,0,0,0,0,0,0.015317,1.60708,3.79376,3.10678,29.9452,29.1648,24.1593,0,1,55,/tmp/m73_root_cause_10467cb_20260919/s03/run_22_seed_77
S03,base,23,77,true,observed local mode GOAL_REACHED,89,87,8.79936,4.04083,4,0,,,,,,1.53453,1.50335,none,0,315,0,0,794,0,,,,,,0,1,0,0,1,0.738636,-1.76617,2.43527,2.60866,9.61725,23.967,22.8401,0,1,86,/tmp/m73_root_cause_10467cb_20260919/s03/run_23_seed_77
S03,base,24,77,false,scenario timeout,600,600,,6.5168,0,539,5.40432,2.86036,-2.38298,0,2.08447,0.034567,0.028294,reject_swept_collision,0,43594,0,0,802,0,0,0,0,0,0,0,0,0,0,0,2.74722,-0.603212,0.785398,2.38298,28.2967,30.3144,28.468,0,1,61,/tmp/m73_root_cause_10467cb_20260919/s03/run_24_seed_77
S03,base,25,87,true,observed local mode GOAL_REACHED,104,103,10.4674,4.05817,10,0,,,,,,1.55613,1.50442,none,0,379,0,0,649,0,,,,,,6,1,0,0,1,0.497829,-2.40674,3.64703,2.40674,186.063,49.257,45.371,0,1,102,/tmp/m73_root_cause_10467cb_20260919/s03/run_25_seed_87
S03,base,26,87,true,observed local mode GOAL_REACHED,90,88,8.90318,4.31717,2,0,,,,,,1.50905,1.51176,none,0,485,0,0,456,0,,,,,,0,1,0,0,1,0.560681,-3.08084,3.81822,3.12507,19.99,28.384,25.9027,0,1,87,/tmp/m73_root_cause_10467cb_20260919/s03/run_26_seed_87
S03,base,27,87,false,scenario timeout,601,601,,8.96752,0,139,3.84267,3.54941,-1.36732,0,3.00808,0.013416,0.006897,reject_swept_collision,0,11570,0,0,1197,0,0,0,0,0,0,0,0,0,0,0,0.626486,-2.30784,3.8429,3.13994,12.9231,26.9423,24.8596,0,1,461,/tmp/m73_root_cause_10467cb_20260919/s03/run_27_seed_87
S03,base,28,97,true,observed local mode GOAL_REACHED,170,169,16.9417,4.07906,0,49,4.27341,3.80341,-1.42006,0,3.36718,0.011158,0.011894,reject_swept_collision,0,4133,0,0,922,0,0,0,0,0,0,0,0,0,0,0,0.549321,2.87774,3.83655,3.14115,32.195,28.8616,28.8519,0,1,119,/tmp/m73_root_cause_10467cb_20260919/s03/run_28_seed_97
S03,base,29,97,false,scenario timeout,601,599,,8.21667,0,550,4.26361,2.81647,-1.145,0,2.02774,0.011012,0.009947,reject_swept_collision,0,44224,0,0,746,0,0,0,0,0,0,0,0,0,0,0,8.21667,-0.780295,3.33216,3.134,69.7865,66.4682,49.1796,0,1,49,/tmp/m73_root_cause_10467cb_20260919/s03/run_29_seed_97
S03,base,30,97,false,scenario timeout,600,600,,4.10932,0,552,4.86191,2.38892,-1.37469,0,1.54841,0.84793,0.847923,reject_swept_collision,0,44524,0,0,716,0,0,0,0,0,0,0,0,0,0,0,2.30691,0.168672,0.785398,1.65549,20.9708,47.3158,35.151,0,1,48,/tmp/m73_root_cause_10467cb_20260919/s03/run_30_seed_97
S05,base,1,7,true,observed local mode GOAL_REACHED,133,132,13.273,5.56421,0,5,4.57354,5.2199,-0.224514,0.267992,5.8997,1.16762,1.05071,reject_stopping_distance,0,296,0,0,1434,0,0,0,0,0,0,0,0,0,0,0,1.80209,-0.91793,8.88577,1.69725,19.2161,9.34212,8.98097,0,1,126,/tmp/m73_root_cause_10467cb_20260919/s05/run_01_seed_7
S05,base,2,17,true,observed local mode GOAL_REACHED,131,130,13.0085,4.99297,0,7,4.43389,4.86984,0.713764,0,5.18382,1.17539,1.07172,reject_stopping_distance,0,455,0,0,1817,0,0,0,0,0,0,0,0,0,0,0,1.11844,-0.906347,11.1608,1.55904,9.67188,16.7157,11.9061,0,1,122,/tmp/m73_root_cause_10467cb_20260919/s05/run_02_seed_17
S05,base,3,27,false,scenario timeout,749,706,,7.31743,0,651,2.90342,3.40104,0.242258,0,2.8957,0.026513,0.036616,reject_swept_collision,0,52010,0,0,619,0,0,0,0,0,0,0,0,0,0,0,4.39241,0.657773,0.392699,3.13642,26.9973,33.5432,28.9074,0,1,55,/tmp/m73_root_cause_10467cb_20260919/s05/run_03_seed_27
S05,base,4,37,true,observed local mode GOAL_REACHED,167,153,16.6498,6.35544,0,28,4.46542,4.84908,0.131424,0.023764,5.18314,0.023545,0.024457,reject_stopping_distance,0,2184,0,0,1595,0,0,0,0,0,0,0,0,0,0,0,0.500587,-1.30276,2.02811,1.6164,19.8455,18.7573,18.2209,0,1,124,/tmp/m73_root_cause_10467cb_20260919/s05/run_04_seed_37
S05,base,5,47,true,observed local mode GOAL_REACHED,140,139,13.9283,5.63495,0,26,3.84112,5.42368,0.013761,0,6.31442,0.02082,0.018078,reject_stopping_distance,0,2001,0,0,1031,0,0,0,0,0,0,0,0,0,0,0,2.6006,-1.14395,8.88577,1.6489,10.3413,14.9827,12.2802,0,1,112,/tmp/m73_root_cause_10467cb_20260919/s05/run_05_seed_47
S05,base,6,57,true,observed local mode GOAL_REACHED,109,107,10.7986,5.16597,0,4,2.71524,4.31443,0.188781,0,4.26297,1.40108,1.37835,reject_swept_collision,0,356,0,0,883,0,0,0,0,0,0,0,0,0,0,0,0.55396,-0.838424,6.70506,1.65715,17.3467,13.2355,13.0101,0,1,102,/tmp/m73_root_cause_10467cb_20260919/s05/run_06_seed_57
S05,base,7,67,true,observed local mode GOAL_REACHED,127,126,12.6477,5.78048,0,21,4.05472,5.70478,0.013273,0,6.86932,0.50876,0.495399,reject_swept_collision,0,1938,0,0,1222,0,0,0,0,0,0,0,0,0,0,0,0.510371,-0.894937,13.633,1.3706,7.79162,10.3822,10.3277,0,1,104,/tmp/m73_root_cause_10467cb_20260919/s05/run_07_seed_67
S05,base,8,77,true,observed local mode GOAL_REACHED,137,136,13.6477,4.31174,0,39,4.354,4.11026,-0.28706,0,3.84376,0.377767,0.377767,reject_swept_collision,0,3391,0,0,1151,0,0,0,0,0,0,0,0,0,0,0,1.8493,-1.47092,8.88577,1.91508,8.794,13.2887,13.1855,0,1,96,/tmp/m73_root_cause_10467cb_20260919/s05/run_08_seed_77
S05,base,9,87,false,scenario timeout,751,0,,,,0,,,,,,,,none,0,0,0,0,0,0,,,,,,,,,,,,,,,,,,0,,,/tmp/m73_root_cause_10467cb_20260919/s05/run_09_seed_87
S05,base,10,97,true,observed local mode GOAL_REACHED,119,118,11.837,5.60677,6,0,,,,,,1.68722,1.50669,none,0,232,0,0,932,0,,,,,,0,2,0,0,1,0.5574,-0.880759,6.61166,2.28602,9.641,10.9511,10.9174,0,1,117,/tmp/m73_root_cause_10467cb_20260919/s05/run_10_seed_97
S08,base,1,7,true,observed local mode GOAL_REACHED,214,213,21.365,8.18966,80,0,,,,,,4.86307,4.67558,none,0,0,0,0,0,0,,,,,,65,4,0,2,1,3.67082,-0.410367,8.88577,1.08496,30.2994,11.2858,10.8743,0,2,162,/tmp/m73_root_cause_10467cb_20260919/s08/run_01_seed_7
S08,base,2,17,true,observed local mode GOAL_REACHED,574,573,57.3099,6.26175,80,0,,,,,,5.00733,4.8601,none,0,0,0,0,0,0,,,,,,65,4,0,2,1,1.87341,0.111819,8.88577,2.01541,23.5628,11.9438,11.1482,0,2,520,/tmp/m73_root_cause_10467cb_20260919/s08/run_02_seed_17
S08,base,3,27,true,observed local mode GOAL_REACHED,228,227,22.7613,7.73717,80,0,,,,,,4.96998,4.76887,none,0,0,0,0,0,0,,,,,,65,4,0,2,1,4.46274,-0.309154,8.88577,1.30703,9.98871,15.3896,14.8578,0,2,176,/tmp/m73_root_cause_10467cb_20260919/s08/run_03_seed_27
S08,base,4,37,true,observed local mode GOAL_REACHED,133,131,13.2615,7.25873,80,0,,,,,,4.88194,4.22093,none,0,0,0,0,0,0,,,,,,65,4,0,2,1,3.38077,-1.03707,8.88577,1.35522,6.85617,11.1012,11.0043,0,2,79,/tmp/m73_root_cause_10467cb_20260919/s08/run_04_seed_37
S08,base,5,47,true,observed local mode GOAL_REACHED,138,137,13.7688,8.33868,80,0,,,,,,4.88988,4.62868,none,0,0,0,0,0,0,,,,,,65,4,0,2,1,3.02927,-0.417629,8.88577,0.954853,10.7807,9.39854,9.30208,0,2,85,/tmp/m73_root_cause_10467cb_20260919/s08/run_05_seed_47
S08,base,6,57,true,observed local mode GOAL_REACHED,154,148,15.314,7.76837,80,0,,,,,,4.80785,4.47013,none,0,0,0,0,0,0,,,,,,65,4,0,2,1,1.64042,-1.19104,8.88577,1.56967,31.8754,15.4927,15.1515,0,2,101,/tmp/m73_root_cause_10467cb_20260919/s08/run_06_seed_57
S08,base,7,67,true,observed local mode GOAL_REACHED,171,167,17.225,7.83386,80,0,,,,,,4.89138,4.62933,none,0,0,0,0,0,0,,,,,,65,4,0,2,1,1.46545,-0.351555,8.88577,0.692575,212.256,20.8386,16.8768,0,2,115,/tmp/m73_root_cause_10467cb_20260919/s08/run_07_seed_67
S08,base,8,77,false,,842,0,,,,0,,,,,,,,none,0,0,0,0,0,0,,,,,,,,,,,,,,,,,,0,,,/tmp/m73_root_cause_10467cb_20260919/s08/run_08_seed_77
S08,base,9,87,true,observed local mode GOAL_REACHED,152,151,15.171,7.26191,80,0,,,,,,4.92954,4.7495,none,0,0,0,0,0,0,,,,,,65,4,0,2,1,2.19908,-0.33176,8.88577,0.840616,14.2146,19.513,17.9287,0,2,99,/tmp/m73_root_cause_10467cb_20260919/s08/run_09_seed_87
S08,base,10,97,true,observed local mode GOAL_REACHED,414,368,42.2052,7.41321,80,0,,,,,,4.45759,4.26872,none,0,0,0,0,0,0,,,,,,65,4,0,2,1,3.6795,0.30885,8.88577,1.07243,127.829,18.123,16.0889,0,2,356,/tmp/m73_root_cause_10467cb_20260919/s08/run_10_seed_97
