scenario,variant,seed,run,local_active_path_id,goal_id,global_path_id,active_path_stamp_ns,global_path_published_elapsed_s,local_path_received_elapsed_s,first_solve_elapsed_s,first_safe_elapsed_s,solve_latency_ms,safe_latency_ms,handoff_latency_ms
S03,base,7,1,1,1,1,1789817353605399040,0.00825283,0.1047,0.1047,0.1047,0,0,96.4472
S03,base,7,2,1,1,1,1789817410068883968,0.0106402,0.0333132,0.0333132,0.0333132,0,0,22.6731
S03,base,7,3,1,1,1,1789817517633870080,0.0104193,0.0610624,0.0610624,0.0610624,0,0,50.6431
S03,base,17,4,1,1,1,1789817626257574912,0.00693379,0.112494,0.112494,0.112494,0,0,105.561
S03,base,17,5,1,1,1,1789817684955635968,0.007167,0.105214,0.105214,0.105214,0,0,98.0474
S03,base,17,6,1,1,1,1789817749408240128,0.0103122,0.113593,0.113593,0.113593,0,0,103.281
S03,base,27,7,1,1,1,1789817807250672896,0.00633608,0.046608,0.046608,0.046608,0,0,40.272
S03,base,27,9,1,1,1,1789818027703721984,0.00609367,0.0529236,0.0529236,0.0529236,0,0,46.83
S03,base,37,10,1,1,1,1789818137784238080,0.0432744,0.0978656,0.0978656,0.0978656,0,0,54.5913
S03,base,37,11,1,1,1,1789818245792410880,0.00670425,0.0640417,0.0640417,0.0640417,0,0,57.3374
S03,base,37,12,1,1,1,1789818305828768000,0.049724,0.167029,0.167029,0.167029,0,0,117.305
S03,base,47,13,1,1,1,1789818413489758976,0.00565412,0.0517882,0.0517882,0.0517882,0,0,46.1341
S03,base,47,14,1,1,1,1789818471906406912,0.0125588,0.0363545,0.0363545,0.0363545,0,0,23.7956
S03,base,47,15,1,1,1,1789818535226305024,0.00491783,0.131053,0.131053,0.131053,0,0,126.136
S03,base,57,16,1,1,1,1789818642788594944,0.00772588,0.0728637,0.0728637,0.0728637,0,0,65.1378
S03,base,57,17,1,1,1,1789818750503934976,0.00521375,0.0353466,0.0353466,0.0353466,0,0,30.1328
S03,base,57,18,1,1,1,1789818857974889984,0.00712721,0.0745693,0.0745693,0.0745693,0,0,67.4421
S03,base,67,19,1,1,1,1789818923311843072,0.0080205,0.116317,0.116317,0.116317,0,0,108.296
S03,base,67,20,1,1,1,1789818980831984128,0.00456479,0.110868,0.110868,0.110868,0,0,106.304
S03,base,67,21,1,1,1,1789819044714746880,0.00730896,0.0708287,0.0708287,0.0708287,0,0,63.5198
S03,base,77,22,1,1,1,1789819101664961024,0.00420188,0.0581333,0.0581333,0.0581333,0,0,53.9315
S03,base,77,23,1,1,1,1789819209150299904,0.00986004,0.111559,0.111559,0.111559,0,0,101.699
S03,base,77,24,1,1,1,1789819265588782080,0.0114153,0.0964152,0.0964152,0.0964152,0,0,85
S03,base,87,25,1,1,1,1789819374252858112,0.0104398,0.0884497,0.0884497,0.0884497,0,0,78.0099
S03,base,87,26,1,1,1,1789819432684786944,0.00278825,0.119517,0.119517,0.119517,0,0,116.729
S03,base,87,27,1,1,1,1789819488966407936,0.00627425,0.0345441,0.0345441,0.0345441,0,0,28.2698
S03,base,97,28,1,1,1,1789819596451708928,0.00337337,0.0630419,0.0630419,0.0630419,0,0,59.6685
S03,base,97,29,1,1,1,1789819660577248000,0.00707954,0.0630437,0.0630437,0.0630437,0,0,55.9641
S03,base,97,30,1,1,1,1789819769014046976,0.00483529,0.0550215,0.0550215,0.0550215,0,0,50.1862
S05,base,7,1,1,1,1,1789819889123330048,0.00480554,0.0718296,0.0718296,0.0718296,0,0,67.024
S05,base,17,2,1,1,1,1789819949833972992,0.00369108,0.015988,0.015988,0.015988,0,0,12.2969
S05,base,27,3,1,1,1,1789820010243302912,0.00643137,0.097498,0.097498,0.097498,0,0,91.0666
S05,base,37,4,1,1,1,1789820135265113088,0.00710271,0.0571087,0.0571087,0.0571087,0,0,50.006
S05,base,47,5,1,1,1,1789820199414854912,0.00856417,0.0387678,0.0387678,0.0387678,0,0,30.2036
S05,base,57,6,1,1,1,1789820260852183040,0.00834358,0.105712,0.105712,0.105712,0,0,97.3689
S05,base,67,7,1,1,1,1789820319158593024,0.00824675,0.0548049,0.0548049,0.0548049,0,0,46.5582
S05,base,77,8,1,1,1,1789820379390787072,0.0090255,0.056502,0.056502,0.056502,0,0,47.4765
S05,base,97,10,1,1,1,1789820563984178944,0.00874387,0.0336559,0.0336559,0.0336559,0,0,24.912
S08,base,7,1,1,1,1,1789820623370878976,0.00625075,0.0649772,0.0649772,0.0649772,0,0,58.7264
S08,base,7,1,2,2,2,1789820628375047936,5.00956,5.06363,5.06363,5.06363,0,0,54.0645
S08,base,17,2,1,1,1,1789820692531409920,0.00502446,0.016841,0.016841,0.016841,0,0,11.8165
S08,base,17,2,2,2,2,1789820697633667072,5.10468,5.21808,5.21808,5.21808,0,0,113.4
S08,base,27,3,1,1,1,1789820797517647104,0.00396979,0.07616,0.07616,0.07616,0,0,72.1902
S08,base,27,3,2,2,2,1789820802523875072,5.0098,5.0728,5.0728,5.0728,0,0,62.9954
S08,base,37,4,1,1,1,1789820868270452992,0.00764183,0.0664426,0.0664426,0.0664426,0,0,58.8008
S08,base,37,4,2,2,2,1789820873372576000,5.10991,5.17017,5.17017,5.17017,0,0,60.2602
S08,base,47,5,1,1,1,1789820929092303872,0.00881567,0.0803801,0.0803801,0.0803801,0,0,71.5644
S08,base,47,5,2,2,2,1789820934190265088,5.10176,5.17691,5.17691,5.17691,0,0,75.147
S08,base,57,6,1,1,1,1789820990636664064,0.106338,0.522343,0.522343,0.522343,0,0,416.005
S08,base,57,6,2,2,2,1789820995635165952,5.10246,5.12601,5.12601,5.12601,0,0,23.5486
S08,base,67,7,1,1,1,1789821053799229952,0.00689692,0.0387362,0.0387362,0.0387362,0,0,31.8393
S08,base,67,7,2,2,2,1789821058848594944,5.05486,5.13864,5.13864,5.13864,0,0,83.7808
S08,base,87,9,1,1,1,1789821232021628928,0.00814471,0.0756701,0.0756701,0.0756701,0,0,67.5254
S08,base,87,9,2,2,2,1789821237119692032,5.10453,5.18332,5.18332,5.18332,0,0,78.7905
S08,base,97,10,1,1,1,1789821295042383872,0.00685754,0.119835,0.119835,0.119835,0,0,112.977
S08,base,97,10,2,2,2,1789821301271094016,6.23734,6.34175,6.34175,6.34175,0,0,104.412
