scenario,variant,run,seed,success,terminal_reason,time_s,performance_mode,time_to_goal_s,path_m,path_efficiency,min_clearance_m,cte_rms_m,cte_p95_m,peak_xy_speed_m_s,peak_accel_m_s2,compute_p50_ms,compute_p95_ms,compute_p99_ms,compute_max_ms,deadline_misses,min_safe_samples,ess_min,collision,median_safe_samples,ess_median,best_feasible_cost_min,best_feasible_cost_median,no_safe_trajectory_events,disconnected_events,stale_command_events,late_command_accepted,stale_command_violations,setpoint_while_disarmed,setpoint_in_wrong_mode,replan_latency_ms,replan_to_command_ms,max_scheduling_delay_ms,p99_scheduling_delay_ms,max_wall_cycle_ms,planner_timeout_cycles,no_safe_cycles,reject_non_finite_total,reject_swept_collision_total,reject_static_collision_total,reject_dynamic_collision_total,reject_stopping_distance_total,reject_other_total,min_collision_clearance_m,min_stopping_clearance_m,min_gaussian_safe,min_reference_safe,min_braking_safe,min_recovery_safe,min_specific_safe,active_path_id_max,solves_on_active_path_max
S03,base,1,7,true,observed local mode GOAL_REACHED,8.89909,true,8.89895,22.6353,0.73975,1.28978,0.547523,1.27447,4.21416,2.95555,13.3492,14.9652,15.3194,15.7555,0,0,0,false,72.5,1,-46237.1,-29964.7,4,0,4,0,0,0,0,,,6.87517,5.39599,106.875,0,4,0,898,0,0,496,0,1.28978,1.2912,0,0,0,0,0,1,83
S03,base,2,7,false,scenario timeout,60.0124,true,,21.6593,0.713603,0.028192,5.05172,5.3546,5.97726,50.0052,14.0618,18.9002,22.034,38.8457,0,0,0,false,0,0,-56758.7,-40571.6,541,0,98,0,0,0,0,,,18.7977,7.63536,118.798,0,541,0,43715,0,0,628,0,0.062645,0.028192,0,0,0,0,0,1,54
S03,base,3,7,false,scenario timeout,60.2985,true,,50.2687,0.298522,0.012109,5.90386,6.44328,7.19133,423.791,12.599,28.8879,34.8019,67.109,0,0,0,false,0,0,-56142.3,-39334.6,531,0,273,0,0,0,0,,,22.4071,9.74414,122.407,0,531,0,42990,0,0,839,0,0.012229,0.012109,0,0,0,0,0,1,53
S03,base,4,17,true,observed local mode GOAL_REACHED,10.9956,true,10.9955,22.4887,0.72293,1.50575,0.330681,0.624443,4.25466,3.02201,20.5161,24.9047,27.7141,31.1904,0,5,1,false,79,1,-48789.8,-26454.5,0,0,0,0,0,0,0,,,11.0029,8.02426,111.003,0,0,0,427,0,0,677,0,1.50575,1.50843,2,1,0,0,1,1,108
S03,base,5,17,true,observed local mode GOAL_REACHED,16.0571,true,16.0569,36.9557,0.449983,1.00261,2.52294,5.96855,4.0562,4.57389,28.7286,38.4482,43.8075,47.525,0,0,0,false,76,1,-52706,4549.47,30,0,52,0,0,0,0,,,16.0608,8.78537,116.061,0,30,0,2901,0,0,899,0,1.00261,1.00261,0,0,0,0,0,1,129
S03,base,6,17,true,observed local mode GOAL_REACHED,10.3967,true,10.3965,21.4561,0.774714,1.50574,0.384217,0.883509,4.0768,2.95839,18.9475,21.6264,22.2009,39.3018,0,21,1,false,79,1,-51164,-29186.8,0,0,0,0,0,0,0,,,7.97204,6.89546,107.972,0,0,0,385,0,0,893,0,1.63924,1.50574,17,1,0,0,1,1,102
S03,base,7,27,false,scenario timeout,60.0002,true,,18.4731,0.783522,0.001883,5.29322,5.58955,8.34322,141.056,22.5684,36.4741,46.8871,86.6633,1,0,0,false,0,0,-46850.8,-39661,559,0,107,0,0,0,0,,,44.6394,9.29663,144.639,1,559,0,44710,0,0,845,0,0.004252,0.001883,0,0,0,0,0,1,40
S03,base,8,27,false,missing run_result,100.325,true,,0.0694264,0.91758,,,,0.0345895,0.363187,,,,,0,,,false,,,,,0,539,0,0,0,0,0,,,,,,0,0,0,0,0,0,0,0,,,,,,,,,
S03,base,9,27,false,scenario timeout,62.4486,true,,23.4833,0.762376,0.009014,5.01514,5.35117,7.07758,69.6129,15.6948,19.2312,21.3156,22.2561,0,0,0,false,0,0,-52095.2,-39305.3,544,0,92,0,0,0,0,,,20.2182,8.51138,120.218,0,544,0,43932,0,0,802,0,0.012251,0.009014,0,0,0,0,0,1,55
S03,base,10,37,false,scenario timeout,60.0985,true,,24.6108,0.747986,0.012663,5.01074,5.35572,8.42744,124.964,13.9537,21.7599,23.7951,75.181,0,0,0,false,0,0,-54159.7,-38089.9,550,0,114,0,0,0,0,,,32.4133,12.2215,132.413,0,550,0,44194,0,0,506,0,0.012997,0.012663,0,0,0,0,0,1,50
S03,base,11,37,true,observed local mode GOAL_REACHED,12.4467,true,12.4466,23.8182,0.676482,1.26563,0.477519,1.21051,4.02658,2.86517,15.9213,17.9221,18.0854,22.6942,0,0,0,false,79,1,-49567.9,-19478.1,2,0,2,0,0,0,0,,,6.73379,6.30073,106.734,0,2,0,507,0,0,879,0,1.50305,1.26563,0,0,0,0,0,1,121
S03,base,12,37,false,scenario timeout,60.0616,true,,38.7098,0.431122,0.002622,5.80464,7.00458,7.64071,123.424,6.89771,18.5936,23.4494,27.0017,0,0,0,false,0,0,-45190,419903,529,0,172,0,0,0,0,,,33.495,8.736,133.495,0,529,0,42885,0,0,1174,0,0.002622,0.016393,0,0,0,0,0,1,70
S03,base,13,47,true,observed local mode GOAL_REACHED,10.7483,true,10.7481,25.1932,0.653279,1.38326,0.863051,1.64442,4.35305,3.42868,16.5821,18.9067,23.0528,23.7028,0,0,0,false,78,1,-60171.3,-31511.7,12,0,20,0,0,0,0,,,12.8635,6.29244,112.864,0,12,0,1347,0,0,404,0,1.38326,1.38326,0,0,0,0,0,1,94
S03,base,14,47,true,observed local mode GOAL_REACHED,15.424,true,15.4239,36.8064,0.435119,0.431294,2.80733,6.49379,3.56516,3.48733,15.7377,19.2598,20.0243,21.7826,0,0,0,false,72.5,1,-52782.4,4754.95,50,0,92,0,0,0,0,,,19.9702,8.89976,119.97,0,50,0,4251,0,0,442,0,0.54287,0.431294,0,0,0,0,0,1,103
S03,base,15,47,false,scenario timeout,60.0994,true,,26.2423,0.71589,0.042829,4.94155,5.35557,9.6204,115.877,13.5449,17.3513,18.5717,25.1091,0,0,0,false,0,0,-49807.8,-27064.2,545,0,138,0,0,0,0,,,29.0697,14.4565,129.07,0,545,0,43956,0,0,763,0,0.043522,0.042829,0,0,0,0,0,1,55
S03,base,16,57,false,scenario timeout,60.1013,true,,31.8844,0.427482,0.003066,5.32834,5.65998,8.06989,98.4268,8.70542,24.8853,28.1375,31.0557,0,0,0,false,0,0,-43839.3,-40927.6,559,0,134,0,0,0,0,,,19.6183,8.91924,119.618,0,559,0,44958,0,0,654,0,0.008782,0.003066,0,0,0,0,0,1,40
S03,base,17,57,false,scenario timeout,60.0997,true,,21.4481,0.756861,0.004001,5.06538,5.35476,7.46733,85.5784,20.5689,29.7927,32.409,38.9683,0,0,0,false,0,0,-50434.7,-43682.8,557,0,112,0,0,0,0,,,19.0999,8.6696,119.1,0,557,0,44791,0,0,803,0,0.006041,0.004001,0,0,0,0,0,1,43
S03,base,18,57,true,observed local mode GOAL_REACHED,17.2592,true,17.2591,26.1804,0.630132,0.611041,0.494441,0.836418,4.07699,2.83814,18.0542,21.2231,21.4129,22.6524,0,0,0,false,79,1,-44190.9,1662.82,15,0,22,0,0,0,0,,,7.16525,6.16864,107.165,0,15,0,1595,0,0,997,0,0.796097,0.611041,0,0,0,0,0,1,154
S03,base,19,67,true,observed local mode GOAL_REACHED,10.5129,true,10.5127,21.2989,0.776639,1.50157,0.38753,0.714757,4.04592,3.61361,19.64,24.2168,25.8883,28.7183,0,7,1,false,78,1,-48117.4,-29301.8,0,0,0,0,0,0,0,,,11.8911,9.97789,111.891,0,0,0,573,0,0,518,0,1.50157,1.5034,2,1,0,0,1,1,103
S03,base,20,67,true,observed local mode GOAL_REACHED,15.39,true,15.3899,34.1751,0.46769,1.02758,2.17812,5.09881,4.08437,86.469,26.806,47.0911,53.4713,55.6242,0,0,0,false,75,1,-59531.3,3659.69,33,0,65,0,0,0,0,,,10.9425,8.72194,110.942,0,33,0,2935,0,0,728,0,1.02758,1.02758,0,0,0,0,0,1,119
S03,base,21,67,true,observed local mode GOAL_REACHED,9.34683,true,9.3467,21.647,0.770752,1.50897,0.347101,0.760246,4.0635,3.5013,28.8898,36.9319,42.669,43.7245,0,30,1,false,79,1,-54964,-32482.5,0,0,0,0,0,0,0,,,26.6576,10.4794,126.658,0,0,0,331,0,0,637,0,1.50897,1.51134,22,0,0,0,1,1,92
S03,base,22,77,false,scenario timeout,60.0991,true,,24.6951,0.684911,0.011223,2.0963,2.28485,4.10575,4.08854,16.4302,22.4266,24.1593,29.1648,0,0,0,false,0,0,-56692.6,-39788.2,546,0,1088,0,0,0,0,,,29.9452,9.00617,129.945,0,546,0,43997,0,0,667,0,0.014305,0.011223,0,0,0,0,0,1,55
S03,base,23,77,true,observed local mode GOAL_REACHED,8.7995,true,8.79936,21.1763,0.773675,1.50335,0.284235,0.57259,4.04083,3.54407,19.1918,22.1808,22.8401,23.967,0,4,1,false,75,1,-50806.5,-31994.2,0,0,0,0,0,0,0,,,9.61725,7.18933,109.617,0,0,0,315,0,0,794,0,1.53453,1.50335,0,1,0,0,1,1,86
S03,base,24,77,false,scenario timeout,60.0104,true,,24.6133,0.719555,0.028294,4.98567,5.35453,6.5168,37.3495,19.6725,25.3523,28.468,30.3144,0,0,0,false,0,0,-54379.2,-36242.6,539,0,116,0,0,0,0,,,28.2967,10.791,128.297,0,539,0,43594,0,0,802,0,0.034567,0.028294,0,0,0,0,0,1,61
S03,base,25,87,true,observed local mode GOAL_REACHED,10.4676,true,10.4674,23.2821,0.715447,1.50442,0.484756,0.941622,4.05817,87.9721,33.0851,37.0238,45.371,49.257,0,10,1,false,78,1,-54291.9,-30716.7,0,0,3,0,0,0,0,,,186.063,11.4551,286.063,0,0,0,379,0,0,649,0,1.55613,1.50442,6,1,0,0,1,1,102
S03,base,26,87,true,observed local mode GOAL_REACHED,8.90329,true,8.90318,21.8439,0.758594,1.50905,0.309662,0.580562,4.31717,2.78769,21.6391,25.2238,25.9027,28.384,0,2,1,false,78,1,-51918.7,-32374,0,0,0,0,0,0,0,,,19.99,16.5327,119.99,0,0,0,485,0,0,456,0,1.50905,1.51176,0,1,0,0,1,1,87
S03,base,27,87,false,scenario timeout,60.0996,true,,127.541,0.160233,0.006897,10.7846,21.5647,8.96752,115.015,8.50896,23.6927,24.8596,26.9423,0,0,0,false,80,1,-55275.2,831539,139,0,239,0,0,0,0,,,12.9231,9.27896,112.923,0,139,0,11570,0,0,1197,0,0.013416,0.006897,0,0,0,0,0,1,461
S03,base,28,97,true,observed local mode GOAL_REACHED,16.9418,true,16.9417,36.517,0.455565,0.011158,2.69691,6.01157,4.07906,13.3496,21.0044,27.7662,28.8519,28.8616,0,0,0,false,69,1,-54774.4,8565.64,49,0,90,0,0,0,0,,,32.195,17.0956,132.195,0,49,0,4133,0,0,922,0,0.011158,0.011894,0,0,0,0,0,1,119
S03,base,29,97,false,scenario timeout,60.1045,true,,24.776,0.771239,0.009947,4.96181,5.34415,8.21667,86.3403,30.4542,37.767,49.1796,66.4682,0,0,0,false,0,0,-44693.9,-33445.5,550,0,142,0,0,0,0,,,69.7865,11.0723,169.786,0,550,0,44224,0,0,746,0,0.011012,0.009947,0,0,0,0,0,1,49
S03,base,30,97,false,scenario timeout,60.0013,true,,20.6348,0.79539,0.847923,1.52991,1.62718,4.10932,95.5182,20.5674,33.9577,35.151,47.3158,0,0,0,false,0,0,-48100.9,-33135.5,552,0,1100,0,0,0,0,,,20.9708,13.8387,120.971,0,552,0,44524,0,0,716,0,0.84793,0.847923,0,0,0,0,0,1,48
S05,base,1,7,true,observed local mode GOAL_REACHED,13.2731,true,13.273,34.6874,0.745058,1.05071,0.830831,1.62052,5.56421,3.52093,7.057,8.83013,8.98097,9.34212,0,0,0,false,80,1,-67253.5,-26491.8,5,0,8,0,0,0,0,,,19.2161,7.64643,119.216,0,5,0,296,0,0,1434,0,1.16762,1.05071,0,0,0,0,0,1,126
S05,base,2,17,true,observed local mode GOAL_REACHED,13.0087,true,13.0085,32.8686,0.784472,1.07172,0.528234,1.02343,4.99297,3.43939,8.67623,11.7798,11.9061,16.7157,0,0,0,false,80,1,-72835,-29250.9,7,0,13,0,0,0,0,,,9.67188,6.57939,109.672,0,7,0,455,0,0,1817,0,1.17539,1.07172,0,0,0,0,0,1,122
S05,base,3,27,false,scenario timeout,75.0004,true,,25.5448,0.816201,0.026513,6.13283,6.52125,7.31743,64.5349,20.156,24.4384,28.9074,33.5432,0,0,0,false,0,0,-63102.2,-51966,651,106,122,0,0,0,0,,,26.9973,10.9174,126.997,0,651,0,52010,0,0,619,0,0.026513,0.036616,0,0,0,0,0,1,55
S05,base,4,37,true,observed local mode GOAL_REACHED,16.6499,true,16.6498,45.1388,0.57735,0.023545,2.31404,5.79205,6.35544,44.4817,8.95946,14.8231,18.2209,18.7573,0,0,0,false,80,1,-67072.2,-10996.8,28,2,78,0,0,0,0,,,19.8455,9.98598,119.846,0,28,0,2184,0,0,1595,0,0.023545,0.024457,0,0,0,0,0,1,124
S05,base,5,47,true,observed local mode GOAL_REACHED,13.9284,true,13.9283,40.7938,0.631413,0.018078,2.4193,5.40665,5.63495,3.75732,7.52567,9.81032,12.2802,14.9827,0,0,0,false,80,1,-65324.5,-1864.02,26,0,50,0,0,0,0,,,10.3413,6.17254,110.341,0,26,0,2001,0,0,1031,0,0.02082,0.018078,0,0,0,0,0,1,112
S05,base,6,57,true,observed local mode GOAL_REACHED,10.7987,true,10.7986,30.2926,0.86566,1.37835,0.425129,0.943949,5.16597,3.6789,8.66071,11.1924,13.0101,13.2355,0,0,0,false,80,1,-63487.5,-34814.5,4,0,4,0,0,0,0,,,17.3467,16.7471,117.347,0,4,0,356,0,0,883,0,1.40108,1.37835,0,0,0,0,0,1,102
S05,base,7,67,true,observed local mode GOAL_REACHED,12.6477,true,12.6477,40.6308,0.638455,0.495399,2.76103,5.80027,5.78048,3.82394,7.6184,10.1938,10.3277,10.3822,0,0,0,false,80,1,-66395.3,-2252.22,21,0,40,0,0,0,0,,,7.79162,7.74167,107.792,0,21,0,1938,0,0,1222,0,0.50876,0.495399,0,0,0,0,0,1,104
S05,base,8,77,true,observed local mode GOAL_REACHED,13.6478,true,13.6477,28.94,0.889075,0.377767,2.1211,4.5187,4.31174,3.1859,8.55981,12.7457,13.1855,13.2887,0,0,0,false,59.5,1,-79256.8,-5546.85,39,0,73,0,0,0,0,,,8.794,7.30727,108.794,0,39,0,3391,0,0,1151,0,0.377767,0.377767,0,0,0,0,0,1,96
S05,base,9,87,false,scenario timeout,75.1002,true,,0.394776,0.0166901,,,,0.0172729,1.67598,,,,,0,,,false,,,,,0,52,0,0,0,0,0,,,,,,0,0,0,0,0,0,0,0,,,,,,,,,
S05,base,10,97,true,observed local mode GOAL_REACHED,11.8371,true,11.837,31.071,0.847254,1.50669,0.405724,0.679663,5.60677,3.30215,8.24533,10.6993,10.9174,10.9511,0,6,1,false,80,1,-66176.6,-39093,0,0,0,0,0,0,0,,,9.641,8.91379,109.641,0,0,0,232,0,0,932,0,1.68722,1.50669,0,2,0,0,1,1,117
S08,base,1,7,true,observed local mode GOAL_REACHED,21.3651,true,21.365,51.8367,0.730094,4.67558,0.997473,2.65625,8.18966,3.03696,7.07817,9.95901,10.8743,11.2858,0,80,1,false,80,1,-121044,-6030.08,0,0,0,0,0,0,0,6.20738,54.0645,30.2994,7.29654,130.299,0,0,0,0,0,0,0,0,4.86307,4.67558,65,4,0,2,1,2,162
S08,base,2,17,true,observed local mode GOAL_REACHED,57.31,true,57.3099,92.0975,0.410519,4.8601,0.957017,1.79544,6.26175,168.841,6.76496,9.82359,11.1482,11.9438,0,80,1,false,80,1,-119335,-2761.65,0,0,2,0,0,0,0,4.16663,12.2725,23.5628,12.8619,123.563,0,0,0,0,0,0,0,0,5.00733,4.8601,65,4,0,2,1,2,520
S08,base,3,27,true,observed local mode GOAL_REACHED,22.7614,true,22.7613,64.2205,0.594716,4.76887,2.91995,7.32599,7.73717,70.9357,9.31779,14.1342,14.8578,15.3896,0,80,1,false,80,1,-132942,-2327.36,0,0,0,0,0,0,0,5.07221,62.9954,9.98871,9.40331,109.989,0,0,0,0,0,0,0,0,4.96998,4.76887,65,4,0,2,1,2,176
S08,base,4,37,true,observed local mode GOAL_REACHED,13.2616,true,13.2615,50.4166,0.756538,4.22093,3.66451,7.88391,7.25873,4.26836,8.30963,10.676,11.0043,11.1012,0,80,1,false,80,1,-136016,-1574.87,0,0,0,0,0,0,0,10.0722,60.2602,6.85617,6.25703,106.856,0,0,0,0,0,0,0,0,4.88194,4.22093,65,4,0,2,1,2,79
S08,base,5,47,true,observed local mode GOAL_REACHED,13.7689,true,13.7688,44.7407,0.860371,4.62868,1.08345,2.11756,8.33868,3.2205,7.08304,9.16123,9.30208,9.39854,0,80,1,false,80,1,-115943,-53753.6,0,0,0,0,0,0,0,3.93183,75.147,10.7807,6.96423,110.781,0,0,0,0,0,0,0,0,4.88988,4.62868,65,4,0,2,1,2,85
S08,base,6,57,true,observed local mode GOAL_REACHED,15.3142,true,15.314,47.7546,0.798204,4.47013,2.83029,6.01858,7.76837,27.6602,10.3272,13.4028,15.1515,15.4927,0,80,1,false,80,1,-124801,-4917.97,0,0,0,0,0,0,0,3.33408,23.5486,31.8754,14.1178,131.875,0,0,0,0,0,0,0,0,4.80785,4.47013,65,4,0,2,1,2,101
S08,base,7,67,true,observed local mode GOAL_REACHED,17.2252,true,17.225,46.3121,0.824372,4.62933,1.30502,2.76399,7.83386,61.3669,10.7498,15.3807,16.8768,20.8386,0,80,1,false,80,1,-101139,-7638.51,0,0,4,0,0,0,0,46.1768,1.15646,212.256,18.4443,312.256,0,0,0,0,0,0,0,0,4.89138,4.62933,65,4,0,2,1,2,115
S08,base,8,77,false,missing run_result,89.9118,true,,1.66068e-05,1,,,,9.17169e-05,0.0330018,,,,,0,,,false,,,,,0,446,0,0,0,0,0,,,,,,0,0,0,0,0,0,0,0,,,,,,,,,
S08,base,9,87,true,observed local mode GOAL_REACHED,15.1712,true,15.171,49.3067,0.767859,4.7495,1.92749,3.83937,7.26191,75.6312,10.7455,16.3244,17.9287,19.513,0,80,1,false,80,1,-115111,-27139.6,0,0,0,0,0,0,0,4.37467,78.7905,14.2146,8.43867,114.215,0,0,0,0,0,0,0,0,4.92954,4.7495,65,4,0,2,1,2,99
S08,base,10,97,true,observed local mode GOAL_REACHED,42.2055,true,42.2052,72.6528,0.526605,4.26872,1.47703,3.78064,7.41321,68.1554,9.90202,13.4222,16.0889,18.123,0,80,1,false,80,1,-102664,-2512.5,0,21,9,0,0,0,0,1236.86,104.412,127.829,16.4494,227.829,0,0,0,0,0,0,0,0,4.45759,4.26872,65,4,0,2,1,2,356
