scenario,variant,run,seed,success,terminal_reason,time_s,performance_mode,time_to_goal_s,path_m,path_efficiency,min_clearance_m,cte_rms_m,cte_p95_m,peak_xy_speed_m_s,peak_accel_m_s2,compute_p50_ms,compute_p95_ms,compute_p99_ms,compute_max_ms,deadline_misses,min_safe_samples,ess_min,collision,median_safe_samples,ess_median,best_feasible_cost_min,best_feasible_cost_median,no_safe_trajectory_events,disconnected_events,stale_command_events,late_command_accepted,stale_command_violations,setpoint_while_disarmed,setpoint_in_wrong_mode,replan_latency_ms,replan_to_command_ms
S01,base,1,7,true,observed local mode GOAL_REACHED,15.2112,true,15.2111,39.2775,0.769914,4.8493,1.04668,2.25806,7.61182,3.78541,4.62317,5.54235,6.00522,9.74225,0,80,1,false,80,1,-113866,-8937.04,0,0,0,0,0,0,0,,
S01,base,2,17,true,observed local mode GOAL_REACHED,10.7453,true,10.7452,33.3476,0.902475,4.68694,0.436125,0.783564,7.41289,2.94973,4.61358,5.29552,5.5173,5.62,0,80,1,false,80,1,-118767,-48807.1,0,0,0,0,0,0,0,,
S01,base,3,27,true,observed local mode GOAL_REACHED,11.4732,true,11.4731,33.2636,0.904637,4.88843,0.450228,0.665521,6.32225,2.9398,4.44342,8.3512,12.7629,16.5942,0,80,1,false,80,1,-106090,-53564.9,0,0,0,0,0,0,0,,
S01,base,4,37,true,observed local mode GOAL_REACHED,10.5315,true,10.5314,32.2402,0.935591,4.72493,0.408691,0.606246,7.17294,3.25905,4.54054,5.5911,8.80395,13.203,0,80,1,false,80,1,-116348,-49954.5,0,0,0,0,0,0,0,,
S01,base,5,47,true,observed local mode GOAL_REACHED,10.8769,true,10.8768,32.6854,0.925852,4.76525,0.466159,0.675262,6.70339,5.22655,4.53394,5.48361,6.20608,28.9454,0,80,1,false,80,1,-111389,-59699.3,0,0,0,0,0,0,0,,
S01,base,6,57,true,observed local mode GOAL_REACHED,11.4162,true,11.4161,33.1407,0.905234,4.84285,0.415505,0.585549,6.97583,2.99744,4.35565,5.38088,5.61141,17.1175,0,80,1,false,80,1,-109470,-51489.7,0,0,0,0,0,0,0,,
S01,base,7,67,true,observed local mode GOAL_REACHED,10.4061,true,10.406,33.5138,0.899248,4.53088,0.473498,0.767081,7.49045,3.24681,4.87483,5.73308,8.86411,9.14008,0,80,1,false,80,1,-119013,-48470,0,0,0,0,0,0,0,,
S01,base,8,77,true,observed local mode GOAL_REACHED,10.1085,true,10.1085,32.5979,0.932538,4.7451,0.537472,0.857955,7.14907,52.7851,4.45742,5.74346,6.14617,17.6896,0,80,1,false,80,1,-116397,-59050.1,0,0,0,0,0,0,0,,
S01,base,9,87,true,observed local mode GOAL_REACHED,11.4616,true,11.4615,32.6027,0.925545,4.92088,0.434717,0.561675,6.33224,3.30295,4.17135,5.3682,5.56677,29.385,0,80,1,false,80,1,-105451,-54417,0,0,0,0,0,0,0,,
S01,base,10,97,true,observed local mode GOAL_REACHED,10.9451,true,10.9448,33.1215,0.908125,4.77137,0.363125,0.617713,6.43703,3.02732,4.54992,5.24837,5.55857,5.60129,0,80,1,false,80,1,-115536,-48933,0,0,0,0,0,0,0,,
S02,base,1,7,true,observed local mode GOAL_REACHED,12.5979,true,12.5978,35.4826,0.858382,1.27141,1.20965,2.54679,6.11319,5.44414,6.12854,7.79152,12.4043,16.6685,0,0,0,false,80,1,-70920.7,-34570.7,4,0,4,0,0,0,0,,
S02,base,2,17,true,observed local mode GOAL_REACHED,14.0946,true,14.0946,36.4585,0.822456,0.719228,1.53466,4.04734,5.32889,3.29398,5.63331,7.96099,14.2127,23.0057,0,0,0,false,80,1,-70791.7,-14371.1,19,0,34,0,0,0,0,,
S02,base,3,27,true,observed local mode GOAL_REACHED,16.7538,true,16.7537,38.3599,0.78047,0.091289,1.23681,3.02838,4.79894,3.52541,5.58446,7.5216,9.2049,13.896,0,0,0,false,80,1,-72578.9,-27208.7,12,0,14,0,0,0,0,,
S02,base,4,37,true,observed local mode GOAL_REACHED,13.0555,true,13.0554,36.9268,0.81181,0.10072,1.33278,3.22073,5.38957,3.21556,5.57831,6.67016,7.02738,7.12129,0,0,0,false,80,1,-81349,-31843.4,18,0,32,0,0,0,0,,
S02,base,5,47,true,observed local mode GOAL_REACHED,16.0227,true,16.0226,38.3688,0.786124,0.932749,0.988073,1.79173,5.86048,3.42179,5.99108,8.2859,10.1482,42.2665,0,0,0,false,80,1,-65142.3,-21650.4,8,0,14,0,0,0,0,,
S02,base,6,57,true,observed local mode GOAL_REACHED,12.1074,true,12.1073,36.0717,0.833838,0.683734,0.924454,2.06845,5.15619,3.69537,5.75565,7.8239,8.18929,8.63421,0,0,0,false,80,1,-77855.3,-41197.3,11,0,20,0,0,0,0,,
S02,base,7,67,true,observed local mode GOAL_REACHED,17.3227,true,17.3226,41.6392,0.717519,0.687288,1.61828,3.26455,5.657,2.97572,5.90996,7.86787,8.40565,8.46921,0,0,0,false,80,1,-72637.7,-3773.31,8,0,12,0,0,0,0,,
S02,base,8,77,true,observed local mode GOAL_REACHED,15.3067,true,15.3067,37.1253,0.805389,1.50063,1.18691,2.98177,4.85464,3.43201,5.54517,6.81516,7.02694,7.08833,0,17,1,false,80,1,-76687.7,-37023.1,0,0,0,0,0,0,0,,
S02,base,9,87,true,observed local mode GOAL_REACHED,13.3117,true,13.3116,35.7878,0.835747,1.6,0.713907,1.49697,5.58092,3.44702,5.79246,7.66798,8.24638,8.79813,0,47,1,false,80,1,-84279.1,-45474.8,0,0,0,0,0,0,0,,
S02,base,10,97,true,observed local mode GOAL_REACHED,12.7641,true,12.7604,35.9419,0.838278,1.53645,0.992452,2.22662,5.30236,3.33364,5.58587,7.0315,11.2309,15.0383,0,26,1,false,80,1,-78517.5,-43654,0,0,0,0,0,0,0,,
S03,base,1,7,true,observed local mode GOAL_REACHED,10.0014,true,10.0014,23.8703,0.695047,1.3467,0.700051,1.22539,4.43293,3.07236,12.999,14.6058,15.0551,15.3398,0,0,0,false,78,1,-44589,-23937.7,2,0,2,0,0,0,0,,
S03,base,2,17,true,observed local mode GOAL_REACHED,22.0922,true,22.0922,40.2897,0.402465,0.377368,1.45371,3.56731,4.09412,3.99286,12.0867,14.445,14.8911,24.9431,0,0,0,false,78,1,-55281.2,9496.46,49,0,92,0,0,0,0,,
S03,base,3,27,false,vehicle did not become flight-ready within 120 s,120.017,true,,5.81724,0.836049,,,,0.0967964,45.5392,,,,,0,,,false,,,,,0,2380,0,0,0,0,0,,
S03,base,4,37,false,scenario timeout,60.0984,true,,21.3635,0.690052,0.026444,5.26078,5.59774,7.25595,70.5152,12.2313,13.4536,19.047,31.6499,0,0,0,false,0,0,-44062.2,-35140.3,545,0,92,0,0,0,0,,
S03,base,5,47,false,scenario timeout,60.0997,true,,25.0727,0.698501,0.013778,5.23457,5.59442,8.19567,73.6092,11.0286,13.616,14.9898,51.8444,0,0,0,false,0,0,-51784,-34850.6,554,0,114,0,0,0,0,,
S03,base,6,57,false,scenario timeout,60.0044,true,,23.2612,0.680345,0.011637,5.25164,5.59181,7.72679,76.5132,11.3426,13.0291,14.2962,14.6013,0,0,0,false,0,0,-56917.5,-38536.7,542,0,90,0,0,0,0,,
S03,base,7,67,true,observed local mode GOAL_REACHED,11.7083,true,11.7082,24.0358,0.669066,1.5016,0.503142,0.74923,3.81418,3.09708,12.3508,14.5779,14.7589,16.8553,0,12,1,false,79,1,-57672.4,-22083.8,0,0,0,0,0,0,0,,
S03,base,8,77,true,observed local mode GOAL_REACHED,9.04425,true,9.0442,22.2453,0.737739,1.51208,0.473388,0.771302,4.27418,3.35384,13.2508,14.7119,14.8133,15.0028,0,42,1,false,77.5,1,-50082.5,-33624,0,0,2,0,0,0,0,,
S03,base,9,87,false,scenario timeout,60.1003,true,,50.2161,0.265769,0.003736,4.86638,5.57759,8.5341,93.1529,12.4476,14.3866,17.695,43.2201,0,0,0,false,0,0,-56565.1,-23417.1,503,0,226,0,0,0,0,,
S03,base,10,97,true,observed local mode GOAL_REACHED,9.18865,true,9.18855,21.3709,0.761435,1.53006,0.427964,0.88396,3.73209,2.97867,13.3975,14.8442,15.5488,17.6151,0,43,1,false,78,1,-50713.6,-30970.6,0,0,0,0,0,0,0,,
S04,base,1,7,true,observed local mode GOAL_REACHED,10.648,true,10.6479,36.6127,0.82983,1.51416,0.710095,1.40535,6.95689,3.17719,4.84392,6.2606,6.55116,6.693,0,79,1,false,80,1,-101215,-49322.8,0,0,0,0,0,0,0,,
S04,base,2,17,true,observed local mode GOAL_REACHED,13.5143,true,13.5142,39.1059,0.767557,0.832948,0.872337,1.75121,6.6122,3.98279,4.54583,5.94325,6.28578,7.60329,0,0,0,false,80,1,-106504,-27644.1,7,0,10,0,0,0,0,,
S04,base,3,27,true,observed local mode GOAL_REACHED,13.5363,true,13.5362,39.1839,0.771571,1.82249,0.657265,1.11319,6.57721,3.10723,4.69038,6.08741,6.33223,6.40763,0,79,1,false,80,1,-103592,-2916.43,0,0,0,0,0,0,0,,
S04,base,4,37,true,observed local mode GOAL_REACHED,16.6295,true,16.6294,38.9528,0.773707,1.51111,0.597901,1.25272,6.54166,3.06721,4.40879,5.93492,6.42654,6.9975,0,64,1,false,80,1,-107170,-3974.93,0,0,0,0,0,0,0,,
S04,base,5,47,true,observed local mode GOAL_REACHED,16.7603,true,16.7602,42.4142,0.709051,1.5164,0.91242,1.84949,6.53472,3.3581,4.60337,6.5717,9.84774,20.7163,0,50,1,false,80,1,-73346.3,-4188.08,0,0,0,0,0,0,0,,
S04,base,6,57,true,observed local mode GOAL_REACHED,12.4897,true,12.4897,40.2061,0.749666,1.50118,1.21937,2.34402,7.13354,3.43168,4.52323,6.01,6.43194,12.1433,0,31,1,false,80,1,-105211,-41484.2,0,0,0,0,0,0,0,,
S04,base,7,67,true,observed local mode GOAL_REACHED,16.0722,true,16.0721,39.3429,0.762339,1.23879,1.37475,3.53412,5.39094,3.53669,4.55677,6.40832,7.96577,10.1267,0,0,0,false,80,1,-84564.1,-8528.6,7,0,8,0,0,0,0,,
S04,base,8,77,true,observed local mode GOAL_REACHED,11.6892,true,11.6891,36.4736,0.82903,1.52981,0.605574,1.16063,6.63031,4.16191,4.69442,6.12898,6.4211,6.45417,0,62,1,false,80,1,-86231.6,-40679.6,0,0,0,0,0,0,0,,
S04,base,9,87,true,observed local mode GOAL_REACHED,12.3503,true,12.3502,38.3536,0.781304,1.64817,0.741487,1.37652,6.70052,3.86883,4.61329,6.02908,6.21164,8.06987,0,77,1,false,80,1,-97483.4,-42678.3,0,0,0,0,0,0,0,,
S04,base,10,97,true,observed local mode GOAL_REACHED,11.0214,true,11.0213,38.5032,0.79094,1.34184,0.965918,1.57221,7.62727,3.28639,4.73773,6.0863,6.27502,6.30008,0,0,0,false,80,1,-110967,-45984.2,4,0,6,0,0,0,0,,
S05,base,1,7,true,observed local mode GOAL_REACHED,14.5584,true,14.5583,33.3409,0.774319,1.44341,0.640521,1.00842,4.50936,3.09205,4.76129,6.80489,6.96587,7.02321,0,0,0,false,80,1,-65402.2,-31498.2,1,0,0,0,0,0,0,,
S05,base,2,17,true,observed local mode GOAL_REACHED,14.9463,true,14.9463,38.3619,0.67221,1.36957,1.31752,3.12993,5.2717,3.75573,4.8465,7.10787,7.46216,7.656,0,0,0,false,80,1,-69402.4,-15547,4,0,6,0,0,0,0,,
S05,base,3,27,false,scenario timeout,75.0031,true,,26.24,0.77472,0.005928,6.23183,6.56677,9.37257,90.9213,11.1517,11.6939,12.3184,43.2331,0,0,0,false,0,0,-66524.9,-50751.2,683,12,100,0,0,0,0,,
S05,base,4,37,true,observed local mode GOAL_REACHED,15.0714,true,15.0714,34.8264,0.752015,1.2189,0.949652,2.25984,4.70641,3.37374,4.79333,6.98857,7.55385,7.81767,0,0,0,false,80,1,-74343,-17342.5,7,0,6,0,0,0,0,,
S05,base,5,47,true,observed local mode GOAL_REACHED,10.681,true,10.6809,30.134,0.856833,0.012836,2.07637,4.35148,4.84411,3.41656,5.23873,7.60427,15.7492,22.4035,0,0,0,false,79,1,-60611,-2338.56,39,0,70,0,0,0,0,,
S05,base,6,57,true,observed local mode GOAL_REACHED,14.2297,true,14.2296,34.3342,0.757306,1.50153,0.650654,1.47419,4.81986,3.16884,4.91515,7.50658,7.78417,8.70925,0,8,1,false,80,1,-64063.7,-29749.9,0,0,0,0,0,0,0,,
S05,base,7,67,true,observed local mode GOAL_REACHED,12.3537,true,12.3536,31.1901,0.833661,0.01004,1.88193,4.48006,4.64916,3.10167,4.84175,6.8045,7.36872,9.91108,0,0,0,false,80,1,-61899.1,-2182.34,36,0,68,0,0,0,0,,
S05,base,8,77,true,observed local mode GOAL_REACHED,12.2015,true,12.2015,31.3076,0.825039,0.18548,1.57778,4.03546,4.54903,3.90185,4.84221,7.43796,8.25413,8.43625,0,0,0,false,75,1,-62370.5,-2882.26,33,0,58,0,0,0,0,,
S05,base,9,87,true,observed local mode GOAL_REACHED,22.9475,true,22.9474,51.354,0.507377,0.009605,2.55238,4.53873,5.64954,31.6469,5.96392,8.85708,9.50166,9.73183,0,0,0,false,80,1,-61536.9,29041.2,65,0,108,0,0,0,0,,
S05,base,10,97,true,observed local mode GOAL_REACHED,12.0349,true,12.0347,31.6859,0.810245,0.019977,1.90735,4.50619,5.21053,2.90209,4.80515,7.23265,7.86301,7.91179,0,0,0,false,80,1,-62043.7,-3391.7,29,0,48,0,0,0,0,,
S06,base,1,7,true,observed local mode GOAL_REACHED,35.3585,true,35.3585,165.201,0.907014,4.01815,1.53208,2.405,10.0067,3.41291,6.43467,7.66302,12.2992,23.2638,0,80,1,false,80,1,-149612,-52092.7,0,0,0,0,0,0,0,,
S06,base,2,17,true,observed local mode GOAL_REACHED,25.165,true,25.165,155.365,0.966926,4.67333,0.46877,1.1114,10.0042,3.55451,6.13521,7.32656,8.7079,12.2413,0,80,1,false,80,1,-152849,-132302,0,0,0,0,0,0,0,,
S06,base,3,27,true,observed local mode GOAL_REACHED,24.2794,true,24.2794,154.343,0.970324,4.52062,1.10141,1.54275,10.003,4.45692,6.37108,7.28262,7.45297,15.893,0,80,1,false,80,1,-152150,-117261,0,0,0,0,0,0,0,,
S06,base,4,37,true,observed local mode GOAL_REACHED,25.6634,true,25.6633,156.089,0.963543,4.82643,0.642964,1.79912,10.0036,3.05137,6.36471,7.46408,7.80103,7.91254,0,80,1,false,80,1,-154742,-122587,0,0,2,0,0,0,0,,
S06,base,5,47,true,observed local mode GOAL_REACHED,24.2775,true,24.2774,155.803,0.963668,4.17226,1.8729,2.85439,9.99796,3.35178,6.3461,7.51482,7.77485,10.7685,0,80,1,false,80,1,-147154,-114405,0,0,0,0,0,0,0,,
S06,base,6,57,false,scenario timeout,45.0009,true,,1.42026,0.696784,,,,0.0871145,0.129588,,,,,0,,,false,,,,,0,0,0,0,0,0,0,,
S06,base,7,67,true,observed local mode GOAL_REACHED,26.4205,true,26.4204,160.23,0.934674,4.32296,1.71776,2.8558,10.0041,3.51014,6.40171,7.38479,7.75457,19.8488,0,80,1,false,80,1,-145974,-114500,0,0,0,0,0,0,0,,
S06,base,8,77,true,observed local mode GOAL_REACHED,25.2131,true,25.213,155.692,0.963371,4.68076,0.560194,1.47975,9.99269,3.34361,6.2525,7.42525,7.62023,22.2614,0,80,1,false,80,1,-153198,-136591,0,0,0,0,0,0,0,,
S06,base,9,87,true,observed local mode GOAL_REACHED,25.9424,true,25.9423,156.002,0.961017,4.2935,1.6233,2.43112,10.0061,4.04005,6.22579,7.45406,7.64876,7.7915,0,80,1,false,80,1,-147877,-89235.9,0,0,0,0,0,0,0,,
S06,base,10,97,true,observed local mode GOAL_REACHED,28.0025,true,28.0024,159.567,0.941368,4.54908,0.8399,2.09659,10.0043,3.62537,6.3355,7.48695,8.72264,14.7903,0,80,1,false,80,1,-154224,-108475,0,0,0,0,0,0,0,,
S07,base,1,7,true,observed global status NO_PATH,0.0997868,true,,0,,,,,0.087626,,,,,,0,,,false,,,,,0,0,0,0,0,0,0,,
S07,base,2,17,true,observed global status NO_PATH,0.0996424,true,,0,,,,,0.0871033,,,,,,0,,,false,,,,,0,0,0,0,0,0,0,,
S07,base,3,27,true,observed global status NO_PATH,0.100049,true,,0,,,,,0.0870798,,,,,,0,,,false,,,,,0,0,0,0,0,0,0,,
S07,base,4,37,true,observed global status NO_PATH,0.0998656,true,,0,,,,,0.0892714,,,,,,0,,,false,,,,,0,0,0,0,0,0,0,,
S07,base,5,47,true,observed global status NO_PATH,0.100468,true,,0,,,,,0.0889058,,,,,,0,,,false,,,,,0,0,0,0,0,0,0,,
S08,base,1,7,true,observed local mode GOAL_REACHED,14.4649,true,14.4648,43.5538,0.872554,4.72027,0.680501,1.42013,7.86856,4.00698,4.53165,5.83129,6.02107,6.24475,0,80,1,false,80,1,-117620,-64922.6,0,0,0,0,0,0,0,6.805,61.2597
S08,base,2,17,true,observed local mode GOAL_REACHED,13.5257,true,13.5257,45.0597,0.848655,4.83963,1.81938,4.23753,6.98046,3.81623,4.55146,6.02479,6.1487,6.46788,0,80,1,false,80,1,-132165,-18053.6,0,0,0,0,0,0,0,9.20996,16.4606
S08,base,3,27,true,observed local mode GOAL_REACHED,16.3525,true,16.3524,49.6638,0.774285,4.76877,3.24641,7.51252,7.13451,3.93732,4.82921,6.04559,6.10064,6.19742,0,80,1,false,80,1,-135586,-12951.4,0,0,0,0,0,0,0,4.80371,55.7622
S08,base,4,37,true,observed local mode GOAL_REACHED,13.021,true,13.021,46.986,0.813694,4.60695,1.81338,4.06588,7.37524,3.74495,4.86292,5.76659,6.2992,6.38358,0,80,1,false,80,1,-136010,-4843.62,0,0,0,0,0,0,0,3.74571,22.5193
S08,base,5,47,true,observed local mode GOAL_REACHED,14.1612,true,14.1612,46.9814,0.810944,4.80264,1.58514,3.04135,6.90061,5.16503,4.34871,6.04808,6.23933,6.48746,0,80,1,false,80,1,-113678,-52732.2,0,0,0,0,0,0,0,3.06042,61.3503
S08,base,6,57,true,observed local mode GOAL_REACHED,16.9101,true,16.91,65.147,0.588478,4.83615,5.57047,11.8113,8.76155,3.56824,4.69946,5.90643,6.34789,6.61821,0,80,1,false,80,1,-134250,4175.97,0,0,0,0,0,0,0,5.42125,10.9507
S08,base,7,67,true,observed local mode GOAL_REACHED,12.7971,true,12.797,50.5867,0.747227,4.96426,3.50777,7.5083,7.59434,3.96978,4.88646,6.02755,6.4063,6.77708,0,80,1,false,80,1,-137991,-1661.02,0,0,0,0,0,0,0,6.39008,94.5036
S08,base,8,77,true,observed local mode GOAL_REACHED,12.6354,true,12.6353,45.5473,0.845002,4.91075,2.23739,4.32833,7.35278,3.30794,4.7931,6.26936,6.40864,6.68537,0,80,1,false,80,1,-133674,-6202.35,0,0,0,0,0,0,0,5.824,33.8362
S08,base,9,87,true,observed local mode GOAL_REACHED,13.7818,true,13.7817,48.935,0.787575,5.05319,3.08206,6.77353,7.56767,3.40788,4.6475,6.02777,6.33107,6.362,0,80,1,false,80,1,-134379,-1853.41,0,0,0,0,0,0,0,10.0394,73.0866
S08,base,10,97,true,observed local mode GOAL_REACHED,14.1371,true,14.137,45.9544,0.824394,4.83606,1.86269,4.1279,6.83621,3.48338,4.64725,6.30521,6.52549,17.0752,0,80,1,false,80,1,-133158,-21330.6,0,0,0,0,0,0,0,6.05688,33.3772
S09,no_safe_trajectory,1,7,true,observed local mode NO_SAFE_TRAJECTORY,0.0797964,true,,0,,16.4619,0.806185,0.806185,0.0851553,,5.33996,5.33996,5.33996,5.33996,0,0,0,false,0,0,,,1,0,0,0,0,0,0,,
S09,no_safe_trajectory,2,17,true,observed local mode NO_SAFE_TRAJECTORY,0.0587473,true,,0,,16.1748,0.792236,0.792236,0.0858643,,4.8185,4.8185,4.8185,4.8185,0,0,0,false,0,0,,,1,0,0,0,0,0,0,,
S09,no_safe_trajectory,3,27,true,observed local mode NO_SAFE_TRAJECTORY,0.0803623,true,,0,,16.158,0.807166,0.807166,0.0864014,,5.204,5.204,5.204,5.204,0,0,0,false,0,0,,,1,0,0,0,0,0,0,,
S09,no_safe_trajectory,4,37,true,observed local mode NO_SAFE_TRAJECTORY,0.0743487,true,,0,,16.1715,0.795061,0.795061,0.0858176,,4.96596,4.96596,4.96596,4.96596,0,0,0,false,0,0,,,1,0,0,0,0,0,0,,
S09,no_safe_trajectory,5,47,true,observed local mode NO_SAFE_TRAJECTORY,0.0812847,true,,0,,16.6704,0.744079,0.744079,0.0844478,,4.889,4.889,4.889,4.889,0,0,0,false,0,0,,,1,0,0,0,0,0,0,,
S09,planner_deadline,1,7,true,observed local mode PLANNER_TIMEOUT,0.0316334,true,,0,,,,,0.0894156,,,,,,1,,,false,,,,,0,0,0,0,0,0,0,,
S09,planner_deadline,2,17,true,observed local mode PLANNER_TIMEOUT,0.023122,true,,0,,,,,0.087466,,,,,,1,,,false,,,,,0,0,0,0,0,0,0,,
S09,planner_deadline,3,27,true,observed local mode PLANNER_TIMEOUT,0.10201,true,,0,,,,,0.0847888,,,,,,1,,,false,,,,,0,0,0,0,0,0,0,,
S09,planner_deadline,4,37,true,observed local mode PLANNER_TIMEOUT,0.0519076,true,,0,,,,,0.0844123,,,,,,1,,,false,,,,,0,0,0,0,0,0,0,,
S09,planner_deadline,5,47,true,observed local mode PLANNER_TIMEOUT,0.105501,true,,0.169457,1,,,,0.0901028,0.0438366,,,,,1,,,false,,,,,0,0,0,0,0,0,0,,
S09,stale_obstacle,1,7,true,observed local mode HOLD_STALE,6.0969,true,,15.4239,0.938659,4.97805,0.475515,0.530089,5.11032,2.99097,3.79392,5.28031,7.51531,10.489,0,80,1,false,80,1,-99912.5,-86381.5,0,0,0,0,0,0,0,,
S09,stale_obstacle,2,17,true,observed local mode HOLD_STALE,5.97619,true,,21.8807,0.953263,3.34421,0.353068,0.484729,7.51362,3.165,4.59383,5.60303,6.92089,7.14979,0,80,1,false,80,1,-115043,-77702.1,0,0,0,0,0,0,0,,
S09,stale_obstacle,3,27,true,observed local mode HOLD_STALE,6.08444,true,,22.5172,0.958516,3.38776,0.530497,0.929591,6.98992,2.82626,4.28885,5.18427,5.25287,5.34425,0,80,1,false,80,1,-115851,-84163.5,0,0,0,0,0,0,0,,
S09,stale_obstacle,4,37,true,observed local mode HOLD_STALE,6.10349,true,,21.8364,0.942909,3.5291,0.40877,0.533924,6.93886,3.28357,4.12194,5.28723,7.43875,10.2199,0,80,1,false,80,1,-113054,-86180.3,0,0,0,0,0,0,0,,
S09,stale_obstacle,5,47,true,observed local mode HOLD_STALE,6.00942,true,,20.9661,0.945337,4.53173,0.438572,0.493306,6.35141,3.13376,4.17698,5.2704,5.56497,5.64508,0,80,1,false,80,1,-110320,-87025.6,0,0,0,0,0,0,0,,
S09,stale_odometry,1,7,true,observed local mode HOLD_STALE,6.14109,true,,11.9532,0.912437,4.95465,0.486779,0.506947,3.28766,3.07381,3.83446,5.1735,5.49199,5.51192,0,80,1,false,80,1,-99927.8,-87877.2,0,0,0,0,0,0,0,,
S09,stale_odometry,2,17,true,observed local mode HOLD_STALE,6.09936,true,,14.9282,0.932243,4.67957,0.362661,0.496338,7.47532,3.21993,4.5619,5.53265,5.64027,5.74992,0,80,1,false,80,1,-115722,-81054.5,0,0,0,0,0,0,0,,
S09,stale_odometry,3,27,true,observed local mode HOLD_STALE,6.08682,true,,14.6984,0.931523,4.75996,0.472354,0.618768,6.52717,3.1108,4.41352,5.21471,5.40294,5.55875,0,80,1,false,80,1,-115305,-86350.4,0,0,0,0,0,0,0,,
S09,stale_odometry,4,37,true,observed local mode HOLD_STALE,6.13062,true,,16.1922,0.935646,4.78884,0.491978,0.595974,7.1155,3.09737,4.43112,5.31525,5.37601,5.38683,0,80,1,false,80,1,-113740,-85112.6,0,0,0,0,0,0,0,,
S09,stale_odometry,5,47,true,observed local mode HOLD_STALE,6.06687,true,,15.6462,0.935593,4.86064,0.376993,0.4614,6.89566,3.28811,4.71844,5.52735,5.7615,5.79825,0,80,1,false,80,1,-112493,-65852.6,0,0,0,0,0,0,0,,
S10,disarm,1,7,true,observed adapter state CONNECTED_NOT_READY,6.51849,true,,25.4079,0.923685,0.658938,0.697769,1.07686,7.395,215.914,4.48292,5.40963,7.68548,8.24308,0,0,0,false,80,1,-114923,-78637.5,3,0,0,0,0,0,0,,
S10,disarm,2,17,true,observed adapter state CONNECTED_NOT_READY,6.59903,true,,28.2205,0.932375,2.92193,0.71865,1.33842,7.53968,657.883,4.70921,7.54329,16.015,30.4058,0,80,1,false,80,1,-117322,-78323.2,0,0,0,0,0,0,0,,
S10,disarm,3,27,true,observed adapter state CONNECTED_NOT_READY,6.59952,true,,27.3404,0.931226,0.058891,0.7485,1.3349,9.02242,171.94,4.39102,5.39594,6.37458,6.90029,0,0,0,false,80,1,-115248,-78578.8,4,0,2,0,0,0,0,,
S10,disarm,4,37,true,observed adapter state CONNECTED_NOT_READY,6.50274,true,,28.2532,0.955707,4.82754,1.22202,2.99745,8.09017,358.46,4.71933,5.79502,6.13271,6.21146,0,80,1,false,80,1,-111478,-56374.6,0,0,0,0,0,0,0,,
S10,disarm,5,47,true,observed adapter state CONNECTED_NOT_READY,6.60019,true,,30.6124,0.931226,0.043205,0.942158,1.9861,7.90319,350.139,4.89635,6.69955,8.40859,8.69529,0,0,0,false,80,1,-112500,-71004.5,4,0,2,0,0,0,0,,
S10,fcu_disconnect,1,7,true,observed adapter state DISCONNECTED,6.50012,true,,15.1487,0.939533,4.69066,0.488178,0.527373,3.20839,3.07458,3.74012,5.30166,5.4817,5.50204,0,80,1,false,80,1,-100810,-84807,0,2,0,0,0,0,0,,
S10,fcu_disconnect,2,17,true,observed adapter state DISCONNECTED,6.6932,true,,26.9522,0.957752,4.63502,0.46799,0.853976,7.6171,3.07355,4.55404,5.37485,7.30266,10.6447,0,80,1,false,80,1,-116742,-70984.2,0,1,0,0,0,0,0,,
S10,fcu_disconnect,3,27,true,observed adapter state DISCONNECTED,6.60021,true,,21.6309,0.954367,4.7801,0.429123,0.496297,5.43754,2.84474,4.06217,5.23428,5.34252,5.40283,0,80,1,false,80,1,-106810,-86549,0,1,0,0,0,0,0,,
S10,fcu_disconnect,4,37,true,observed adapter state DISCONNECTED,6.50045,true,,27.37,0.962831,4.60752,0.514688,0.845297,6.96902,3.19259,4.49096,5.27463,5.43553,5.59558,0,80,1,false,80,1,-114885,-76127.7,0,1,0,0,0,0,0,,
S10,fcu_disconnect,5,47,true,observed adapter state DISCONNECTED,6.50023,true,,23.1854,0.955973,4.73174,0.449207,0.530785,6.78462,3.10026,4.35708,5.36568,5.58666,5.64604,0,80,1,false,80,1,-110485,-86098.8,0,1,0,0,0,0,0,,
S10,local_planner_death,1,7,true,observed adapter state STALE_COMMAND,5.39954,true,,11.1158,0.900625,5.44769,0.482524,0.526757,3.0668,3.12724,3.76479,5.23873,5.45281,5.47271,0,80,1,false,80,1,-93303.6,-84093.4,0,0,1,0,0,0,0,,
S10,local_planner_death,2,17,true,observed adapter state STALE_COMMAND,5.49899,true,,15.9846,0.927469,4.67101,0.36863,0.486586,7.31442,3.10763,4.257,5.02452,5.33471,5.45896,0,80,1,false,80,1,-117986,-84191.1,0,0,1,0,0,0,0,,
S10,local_planner_death,3,27,true,observed adapter state STALE_COMMAND,5.39999,true,,13.8936,0.929233,5.05833,0.43852,0.493285,4.82959,2.91105,4.2146,5.4896,5.5482,5.57821,0,80,1,false,80,1,-106555,-95168.1,0,0,2,0,0,0,0,,
S10,local_planner_death,4,37,true,observed adapter state STALE_COMMAND,5.49747,true,,15.4821,0.933401,4.82987,0.444912,0.538714,6.99077,3.08599,4.43271,5.59129,5.67575,5.72108,0,80,1,false,80,1,-114521,-86910.9,0,0,1,0,0,0,0,,
S10,local_planner_death,5,47,true,observed adapter state STALE_COMMAND,5.39855,true,,13.5316,0.921622,4.51501,0.456197,0.546439,5.82074,3.78566,4.44408,5.37665,5.53542,5.597,0,80,1,false,80,1,-112987,-90150.7,0,0,1,0,0,0,0,,
S10,wrong_mode,1,7,true,observed adapter state CONNECTED_NOT_READY,6.50028,true,,23.6165,0.957853,4.66183,0.432287,0.579849,6.7978,288.706,4.27571,5.32844,5.43054,5.44875,0,80,1,false,80,1,-114831,-78220.3,0,0,0,0,0,0,0,,
S10,wrong_mode,2,17,true,observed adapter state CONNECTED_NOT_READY,5.99929,true,,22.3021,0.948305,4.70983,0.401715,0.541935,7.28538,498.57,4.52917,5.3819,9.62032,12.7015,0,80,1,false,80,1,-115564,-78822.2,0,0,0,0,0,0,0,,
S10,wrong_mode,3,27,true,observed adapter state CONNECTED_NOT_READY,6.29956,true,,20.683,0.949626,4.76399,0.422439,0.476543,5.98798,199.672,4.07783,5.10386,5.23344,5.29512,0,80,1,false,80,1,-106700,-89311.7,0,0,0,0,0,0,0,,
S10,wrong_mode,4,37,true,observed adapter state CONNECTED_NOT_READY,6.3019,true,,23.2601,0.949718,4.54193,0.403823,0.534445,7.26154,317.47,4.3584,5.83757,8.51108,12.6464,0,80,1,false,80,1,-116308,-86193.9,0,0,0,0,0,0,0,,
S10,wrong_mode,5,47,true,observed adapter state CONNECTED_NOT_READY,5.89967,true,,18.4392,0.947281,4.86133,0.416737,0.467573,6.82953,301.917,4.31342,5.45002,5.64249,5.81992,0,80,1,false,80,1,-104330,-87919.9,0,0,0,0,0,0,0,,
